Wk,date,home_team,xG,xG.1,away_team
1,2021-08-13,Brentford,1.2,1.3,Arsenal
1,2021-08-14,Manchester Utd,1.5,0.5,Leeds United
1,2021-08-14,Everton,2.4,0.8,Southampton
1,2021-08-14,Leicester City,0.5,1.3,Wolves
1,2021-08-14,Chelsea,0.7,0.2,Crystal Palace
1,2021-08-14,Burnley,1.5,1.0,Brighton
1,2021-08-14,Watford,1.2,1.2,Aston Villa
1,2021-08-14,Norwich City,1.4,1.6,Liverpool
1,2021-08-15,Newcastle Utd,1.8,2.7,West Ham
1,2021-08-15,Tottenham,1.0,1.8,Manchester City
2,2021-08-21,Liverpool,2.7,0.9,Burnley
2,2021-08-21,Leeds United,1.2,1.8,Everton
2,2021-08-21,Crystal Palace,0.5,0.9,Brentford
2,2021-08-21,Manchester City,2.6,0.1,Norwich City
2,2021-08-21,Aston Villa,1.2,0.7,Newcastle Utd
2,2021-08-21,Brighton,1.3,0.5,Watford
2,2021-08-22,Wolves,1.7,1.7,Tottenham
2,2021-08-22,Southampton,0.7,1.8,Manchester Utd
2,2021-08-22,Arsenal,0.3,3.1,Chelsea
2,2021-08-23,West Ham,2.3,0.6,Leicester City
3,2021-08-28,Manchester City,4.4,0.2,Arsenal
3,2021-08-28,West Ham,1.3,1.1,Crystal Palace
3,2021-08-28,Norwich City,1.5,1.5,Leicester City
3,2021-08-28,Aston Villa,0.7,0.9,Brentford
3,2021-08-28,Newcastle Utd,1.0,3.6,Southampton
3,2021-08-28,Brighton,0.7,1.4,Everton
3,2021-08-28,Liverpool,2.5,0.6,Chelsea
3,2021-08-29,Burnley,1.0,1.2,Leeds United
3,2021-08-29,Tottenham,1.0,0.8,Watford
3,2021-08-29,Wolves,2.1,0.6,Manchester Utd
4,2021-09-11,Crystal Palace,2.1,0.1,Tottenham
4,2021-09-11,Leicester City,0.6,2.8,Manchester City
4,2021-09-11,Brentford,0.4,0.3,Brighton
4,2021-09-11,Southampton,0.7,0.7,West Ham
4,2021-09-11,Arsenal,2.7,0.7,Norwich City
4,2021-09-11,Manchester Utd,2.5,0.4,Newcastle Utd
4,2021-09-11,Watford,0.2,2.2,Wolves
4,2021-09-11,Chelsea,1.3,1.2,Aston Villa
4,2021-09-12,Leeds United,1.2,4.3,Liverpool
4,2021-09-13,Everton,1.4,1.0,Burnley
5,2021-09-17,Newcastle Utd,1.3,1.5,Leeds United
5,2021-09-18,Wolves,0.6,2.5,Brentford
5,2021-09-18,Norwich City,1.0,2.4,Watford
5,2021-09-18,Burnley,1.0,1.1,Arsenal
5,2021-09-18,Manchester City,1.0,0.4,Southampton
5,2021-09-18,Liverpool,3.1,0.6,Crystal Palace
5,2021-09-18,Aston Villa,0.8,0.7,Everton
5,2021-09-19,Brighton,1.7,1.6,Leicester City
5,2021-09-19,West Ham,1.6,2.0,Manchester Utd
5,2021-09-19,Tottenham,0.5,2.1,Chelsea
6,2021-09-25,Chelsea,0.2,1.7,Manchester City
6,2021-09-25,Manchester Utd,2.2,1.0,Aston Villa
6,2021-09-25,Everton,1.9,0.5,Norwich City
6,2021-09-25,Leeds United,1.2,1.6,West Ham
6,2021-09-25,Watford,0.9,1.9,Newcastle Utd
6,2021-09-25,Leicester City,2.4,0.5,Burnley
6,2021-09-25,Brentford,2.1,2.8,Liverpool
6,2021-09-26,Southampton,1.0,1.0,Wolves
6,2021-09-26,Arsenal,1.1,1.0,Tottenham
6,2021-09-27,Crystal Palace,1.4,0.8,Brighton
7,2021-10-02,Manchester Utd,1.0,1.3,Everton
7,2021-10-02,Leeds United,1.3,0.2,Watford
7,2021-10-02,Chelsea,3.3,1.3,Southampton
7,2021-10-02,Wolves,1.0,0.6,Newcastle Utd
7,2021-10-02,Burnley,1.2,0.6,Norwich City
7,2021-10-02,Brighton,1.1,0.4,Arsenal
7,2021-10-03,West Ham,1.5,1.2,Brentford
7,2021-10-03,Tottenham,1.3,1.2,Aston Villa
7,2021-10-03,Crystal Palace,1.5,1.2,Leicester City
7,2021-10-03,Liverpool,0.9,1.2,Manchester City
8,2021-10-16,Watford,0.5,3.3,Liverpool
8,2021-10-16,Aston Villa,1.0,2.0,Wolves
8,2021-10-16,Manchester City,2.1,0.9,Burnley
8,2021-10-16,Southampton,1.9,0.2,Leeds United
8,2021-10-16,Leicester City,2.4,1.2,Manchester Utd
8,2021-10-16,Norwich City,1.2,0.8,Brighton
8,2021-10-16,Brentford,1.4,0.3,Chelsea
8,2021-10-17,Everton,0.9,1.2,West Ham
8,2021-10-17,Newcastle Utd,0.4,1.7,Tottenham
8,2021-10-18,Arsenal,1.7,0.7,Crystal Palace
9,2021-10-22,Arsenal,2.7,1.4,Aston Villa
9,2021-10-23,Chelsea,3.1,0.1,Norwich City
9,2021-10-23,Southampton,1.6,0.7,Burnley
9,2021-10-23,Crystal Palace,1.9,0.3,Newcastle Utd
9,2021-10-23,Everton,1.5,3.7,Watford
9,2021-10-23,Leeds United,1.6,0.9,Wolves
9,2021-10-23,Brighton,1.3,3.8,Manchester City
9,2021-10-24,Brentford,1.0,1.5,Leicester City
9,2021-10-24,West Ham,1.3,0.7,Tottenham
9,2021-10-24,Manchester Utd,1.6,3.4,Liverpool
10,2021-10-30,Leicester City,1.3,0.7,Arsenal
10,2021-10-30,Newcastle Utd,0.2,2.2,Chelsea
10,2021-10-30,Manchester City,0.7,0.7,Crystal Palace
10,2021-10-30,Liverpool,1.5,1.0,Brighton
10,2021-10-30,Burnley,2.3,0.8,Brentford
10,2021-10-30,Watford,1.0,1.8,Southampton
10,2021-10-30,Tottenham,1.0,1.5,Manchester Utd
10,2021-10-31,Norwich City,0.8,0.7,Leeds United
10,2021-10-31,Aston Villa,0.7,2.3,West Ham
10,2021-11-01,Wolves,1.7,1.5,Everton
11,2021-11-05,Southampton,0.6,0.6,Aston Villa
11,2021-11-06,Manchester Utd,0.9,1.6,Manchester City
11,2021-11-06,Chelsea,1.8,0.7,Burnley
11,2021-11-06,Brentford,2.5,1.2,Norwich City
11,2021-11-06,Crystal Palace,1.9,0.3,Wolves
11,2021-11-06,Brighton,1.5,0.3,Newcastle Utd
11,2021-11-07,Arsenal,1.6,0.5,Watford
11,2021-11-07,Leeds United,1.3,0.7,Leicester City
11,2021-11-07,Everton,0.6,0.7,Tottenham
11,2021-11-07,West Ham,1.0,1.2,Liverpool
12,2021-11-20,Leicester City,0.4,2.0,Chelsea
12,2021-11-20,Burnley,1.5,1.9,Crystal Palace
12,2021-11-20,Aston Villa,0.7,0.4,Brighton
12,2021-11-20,Newcastle Utd,1.5,0.9,Brentford
12,2021-11-20,Norwich City,0.5,1.0,Southampton
12,2021-11-20,Watford,2.7,1.4,Manchester Utd
12,2021-11-20,Wolves,1.4,0.4,West Ham
12,2021-11-20,Liverpool,4.3,0.4,Arsenal
12,2021-11-21,Manchester City,2.5,0.2,Everton
12,2021-11-21,Tottenham,2.1,1.4,Leeds United
13,2021-11-27,Arsenal,2.5,0.3,Newcastle Utd
13,2021-11-27,Liverpool,2.9,1.0,Southampton
13,2021-11-27,Norwich City,1.6,0.3,Wolves
13,2021-11-27,Crystal Palace,1.0,0.5,Aston Villa
13,2021-11-27,Brighton,2.1,0.6,Leeds United
13,2021-11-28,Manchester City,2.1,0.2,West Ham
13,2021-11-28,Brentford,1.2,1.0,Everton
13,2021-11-28,Leicester City,2.1,2.8,Watford
13,2021-11-28,Chelsea,2.7,0.9,Manchester Utd
14,2021-11-30,Newcastle Utd,1.1,1.2,Norwich City
14,2021-11-30,Leeds United,1.4,1.1,Crystal Palace
14,2021-12-01,West Ham,1.3,1.3,Brighton
14,2021-12-01,Watford,1.0,0.9,Chelsea
14,2021-12-01,Southampton,1.5,1.5,Leicester City
14,2021-12-01,Wolves,0.7,0.2,Burnley
14,2021-12-01,Aston Villa,0.8,1.0,Manchester City
14,2021-12-01,Everton,0.7,2.4,Liverpool
14,2021-12-02,Tottenham,1.9,0.3,Brentford
14,2021-12-02,Manchester Utd,1.9,1.4,Arsenal
15,2021-12-04,West Ham,1.8,1.1,Chelsea
15,2021-12-04,Newcastle Utd,1.0,0.6,Burnley
15,2021-12-04,Southampton,1.6,1.6,Brighton
15,2021-12-04,Wolves,0.1,2.7,Liverpool
15,2021-12-04,Watford,0.8,3.1,Manchester City
15,2021-12-05,Tottenham,1.6,1.2,Norwich City
15,2021-12-05,Manchester Utd,0.9,0.5,Crystal Palace
15,2021-12-05,Leeds United,1.2,1.0,Brentford
15,2021-12-05,Aston Villa,2.1,1.1,Leicester City
15,2021-12-06,Everton,0.9,1.0,Arsenal
16,2021-12-10,Brentford,1.6,0.5,Watford
16,2021-12-11,Manchester City,3.2,0.2,Wolves
16,2021-12-11,Liverpool,2.2,0.2,Aston Villa
16,2021-12-11,Arsenal,1.8,0.6,Southampton
16,2021-12-11,Chelsea,2.5,1.4,Leeds United
16,2021-12-11,Norwich City,1.2,2.0,Manchester Utd
16,2021-12-12,Leicester City,2.6,1.0,Newcastle Utd
16,2021-12-12,Burnley,0.8,0.8,West Ham
16,2021-12-12,Crystal Palace,1.8,1.0,Everton
17,2021-12-14,Norwich City,0.5,2.0,Aston Villa
17,2021-12-14,Manchester City,3.1,0.3,Leeds United
17,2021-12-15,Crystal Palace,1.2,0.6,Southampton
17,2021-12-15,Brighton,1.2,1.0,Wolves
17,2021-12-15,Arsenal,2.8,0.4,West Ham
17,2021-12-16,Chelsea,2.9,0.6,Everton
17,2021-12-16,Liverpool,2.7,0.3,Newcastle Utd
18,2021-12-18,Leeds United,1.6,3.5,Arsenal
18,2021-12-19,Wolves,0.2,0.9,Chelsea
18,2021-12-19,Newcastle Utd,0.3,2.9,Manchester City
18,2021-12-19,Tottenham,3.0,1.1,Liverpool
19,2021-12-26,Tottenham,2.3,0.2,Crystal Palace
19,2021-12-26,Norwich City,0.1,2.5,Arsenal
19,2021-12-26,West Ham,1.6,1.2,Southampton
19,2021-12-26,Manchester City,3.6,2.7,Leicester City
19,2021-12-26,Aston Villa,0.4,2.6,Chelsea
19,2021-12-26,Brighton,0.8,0.7,Brentford
19,2021-12-27,Newcastle Utd,1.3,1.6,Manchester Utd
20,2021-12-28,Crystal Palace,1.9,0.9,Norwich City
20,2021-12-28,Southampton,0.4,2.3,Tottenham
20,2021-12-28,Watford,1.6,3.6,West Ham
20,2021-12-28,Leicester City,0.4,2.3,Liverpool
20,2021-12-29,Chelsea,0.7,0.9,Brighton
20,2021-12-29,Brentford,0.4,1.1,Manchester City
20,2021-12-30,Manchester Utd,2.4,1.1,Burnley
21,2022-01-01,Arsenal,0.8,2.0,Manchester City
21,2022-01-01,Watford,0.3,2.2,Tottenham
21,2022-01-01,Crystal Palace,2.4,2.2,West Ham
21,2022-01-02,Brentford,0.6,0.8,Aston Villa
21,2022-01-02,Everton,1.6,1.7,Brighton
21,2022-01-02,Leeds United,1.9,1.0,Burnley
21,2022-01-02,Chelsea,1.2,1.3,Liverpool
21,2022-01-03,Manchester Utd,0.8,0.7,Wolves
18,2022-01-11,Southampton,1.4,0.5,Brentford
18,2022-01-12,West Ham,2.5,0.3,Norwich City
22,2022-01-14,Brighton,2.0,0.2,Crystal Palace
22,2022-01-15,Manchester City,1.0,0.3,Chelsea
22,2022-01-15,Norwich City,1.0,0.6,Everton
22,2022-01-15,Newcastle Utd,1.2,1.4,Watford
22,2022-01-15,Wolves,2.5,0.8,Southampton
22,2022-01-15,Aston Villa,1.9,1.0,Manchester Utd
22,2022-01-16,West Ham,2.4,2.2,Leeds United
22,2022-01-16,Liverpool,2.7,0.7,Brentford
24,2022-01-18,Brighton,0.7,0.7,Chelsea
17,2022-01-19,Leicester City,1.2,3.1,Tottenham
17,2022-01-19,Brentford,2.3,2.3,Manchester Utd
23,2022-01-21,Watford,1.2,1.1,Norwich City
23,2022-01-22,Everton,1.6,0.8,Aston Villa
23,2022-01-22,Brentford,1.1,0.2,Wolves
23,2022-01-22,Manchester Utd,1.9,0.3,West Ham
23,2022-01-22,Leeds United,0.7,0.9,Newcastle Utd
23,2022-01-22,Southampton,0.8,1.8,Manchester City
23,2022-01-23,Crystal Palace,2.2,1.9,Liverpool
23,2022-01-23,Arsenal,1.2,0.4,Burnley
23,2022-01-23,Leicester City,1.4,1.1,Brighton
23,2022-01-23,Chelsea,1.2,0.5,Tottenham
17,2022-02-05,Burnley,0.6,0.8,Watford
24,2022-02-08,West Ham,0.8,0.3,Watford
24,2022-02-08,Newcastle Utd,1.9,0.7,Everton
24,2022-02-08,Burnley,0.4,1.8,Manchester Utd
24,2022-02-09,Norwich City,0.4,1.3,Crystal Palace
24,2022-02-09,Manchester City,1.9,0.4,Brentford
24,2022-02-09,Tottenham,1.4,2.2,Southampton
24,2022-02-09,Aston Villa,1.6,1.8,Leeds United
24,2022-02-10,Wolves,0.8,1.8,Arsenal
24,2022-02-10,Liverpool,1.8,0.5,Leicester City
25,2022-02-12,Manchester Utd,2.1,0.8,Southampton
25,2022-02-12,Everton,2.7,0.3,Leeds United
25,2022-02-12,Brentford,1.6,0.3,Crystal Palace
25,2022-02-12,Watford,0.5,1.6,Brighton
25,2022-02-12,Norwich City,0.4,4.6,Manchester City
25,2022-02-13,Tottenham,1.2,1.3,Wolves
25,2022-02-13,Newcastle Utd,0.5,0.6,Aston Villa
25,2022-02-13,Burnley,1.5,1.7,Liverpool
25,2022-02-13,Leicester City,1.4,1.1,West Ham
18,2022-02-15,Manchester Utd,1.7,0.7,Brighton
26,2022-02-19,West Ham,0.6,0.8,Newcastle Utd
26,2022-02-19,Brighton,0.6,0.7,Burnley
26,2022-02-19,Southampton,2.5,0.3,Everton
26,2022-02-19,Arsenal,1.7,0.6,Brentford
26,2022-02-19,Crystal Palace,0.5,0.9,Chelsea
26,2022-02-19,Liverpool,3.6,0.6,Norwich City
26,2022-02-19,Aston Villa,1.3,1.2,Watford
26,2022-02-19,Manchester City,2.1,1.4,Tottenham
26,2022-02-20,Leeds United,1.8,2.2,Manchester Utd
26,2022-02-20,Wolves,0.5,1.7,Leicester City
13,2022-02-23,Burnley,0.9,0.7,Tottenham
18,2022-02-23,Watford,1.4,1.1,Crystal Palace
19,2022-02-23,Liverpool,5.9,0.2,Leeds United
20,2022-02-24,Arsenal,3.1,1.0,Wolves
27,2022-02-25,Southampton,2.6,0.6,Norwich City
27,2022-02-26,Leeds United,1.5,1.9,Tottenham
27,2022-02-26,Crystal Palace,1.0,0.2,Burnley
27,2022-02-26,Brighton,0.7,1.0,Aston Villa
27,2022-02-26,Manchester Utd,2.8,0.6,Watford
27,2022-02-26,Brentford,0.4,2.7,Newcastle Utd
27,2022-02-26,Everton,0.5,1.8,Manchester City
27,2022-02-27,West Ham,1.8,0.7,Wolves
22,2022-03-01,Burnley,0.9,1.5,Leicester City
28,2022-03-05,Leicester City,0.4,1.7,Leeds United
28,2022-03-05,Aston Villa,2.5,1.1,Southampton
28,2022-03-05,Newcastle Utd,1.7,1.5,Brighton
28,2022-03-05,Burnley,0.7,2.3,Chelsea
28,2022-03-05,Norwich City,1.0,2.0,Brentford
28,2022-03-05,Wolves,0.7,2.7,Crystal Palace
28,2022-03-05,Liverpool,2.4,1.3,West Ham
28,2022-03-06,Watford,1.0,1.0,Arsenal
28,2022-03-06,Manchester City,2.7,0.5,Manchester Utd
28,2022-03-07,Tottenham,2.5,0.2,Everton
19,2022-03-10,Wolves,0.7,0.6,Watford
21,2022-03-10,Southampton,1.1,0.6,Newcastle Utd
30,2022-03-10,Norwich City,1.0,1.8,Chelsea
20,2022-03-10,Leeds United,0.2,1.5,Aston Villa
29,2022-03-12,Brighton,0.5,2.2,Liverpool
29,2022-03-12,Brentford,1.9,0.7,Burnley
29,2022-03-12,Manchester Utd,1.0,1.5,Tottenham
29,2022-03-13,Chelsea,1.1,0.3,Newcastle Utd
29,2022-03-13,Everton,0.4,0.8,Wolves
29,2022-03-13,Leeds United,2.5,1.5,Norwich City
29,2022-03-13,West Ham,1.2,1.1,Aston Villa
29,2022-03-13,Southampton,1.4,1.7,Watford
29,2022-03-13,Arsenal,2.4,0.4,Leicester City
29,2022-03-14,Crystal Palace,0.6,2.8,Manchester City
16,2022-03-16,Brighton,0.7,2.2,Tottenham
27,2022-03-16,Arsenal,0.5,0.8,Liverpool
20,2022-03-17,Everton,0.7,0.9,Newcastle Utd
30,2022-03-18,Wolves,1.2,2.0,Leeds United
30,2022-03-19,Aston Villa,0.5,1.3,Arsenal
30,2022-03-20,Leicester City,1.0,1.3,Brentford
30,2022-03-20,Tottenham,3.0,0.6,West Ham
31,2022-04-02,Liverpool,2.2,0.6,Watford
31,2022-04-02,Brighton,2.8,0.4,Norwich City
31,2022-04-02,Burnley,0.1,1.8,Manchester City
31,2022-04-02,Chelsea,1.3,1.8,Brentford
31,2022-04-02,Wolves,1.3,2.1,Aston Villa
31,2022-04-02,Leeds United,1.2,1.4,Southampton
31,2022-04-02,Manchester Utd,0.9,0.8,Leicester City
31,2022-04-03,West Ham,1.2,0.7,Everton
31,2022-04-03,Tottenham,3.1,0.5,Newcastle Utd
31,2022-04-04,Crystal Palace,1.5,0.8,Arsenal
19,2022-04-06,Burnley,2.0,2.4,Everton
32,2022-04-08,Newcastle Utd,1.5,0.4,Wolves
32,2022-04-09,Everton,0.4,0.8,Manchester Utd
32,2022-04-09,Arsenal,1.9,0.6,Brighton
32,2022-04-09,Watford,1.1,0.7,Leeds United
32,2022-04-09,Southampton,0.5,4.2,Chelsea
32,2022-04-09,Aston Villa,1.6,1.1,Tottenham
32,2022-04-10,Brentford,1.4,0.3,West Ham
32,2022-04-10,Norwich City,1.7,1.7,Burnley
32,2022-04-10,Leicester City,1.0,1.4,Crystal Palace
32,2022-04-10,Manchester City,1.3,1.3,Liverpool
33,2022-04-16,Tottenham,0.5,0.6,Brighton
33,2022-04-16,Watford,1.7,1.9,Brentford
33,2022-04-16,Southampton,0.8,1.7,Arsenal
33,2022-04-16,Manchester Utd,1.9,1.5,Norwich City
33,2022-04-17,West Ham,2.2,1.8,Burnley
33,2022-04-17,Newcastle Utd,1.8,0.6,Leicester City
30,2022-04-19,Liverpool,2.0,0.1,Manchester Utd
18,2022-04-20,Everton,1.8,0.9,Leicester City
25,2022-04-20,Chelsea,0.7,2.0,Arsenal
30,2022-04-20,Newcastle Utd,0.9,0.5,Crystal Palace
30,2022-04-20,Manchester City,1.3,0.2,Brighton
30,2022-04-21,Burnley,1.5,0.9,Southampton
34,2022-04-23,Arsenal,2.3,1.8,Manchester Utd
34,2022-04-23,Norwich City,0.6,1.9,Newcastle Utd
34,2022-04-23,Leicester City,0.3,0.9,Aston Villa
34,2022-04-23,Manchester City,3.6,0.5,Watford
34,2022-04-23,Brentford,0.9,0.6,Tottenham
34,2022-04-24,Chelsea,3.0,0.5,West Ham
34,2022-04-24,Burnley,1.4,0.6,Wolves
34,2022-04-24,Brighton,1.7,0.9,Southampton
34,2022-04-24,Liverpool,1.7,0.4,Everton
34,2022-04-25,Crystal Palace,1.9,0.5,Leeds United
37,2022-04-28,Manchester Utd,0.5,1.9,Chelsea
35,2022-04-30,Newcastle Utd,0.2,2.3,Liverpool
35,2022-04-30,Watford,1.0,1.6,Burnley
35,2022-04-30,Wolves,0.7,2.6,Brighton
35,2022-04-30,Aston Villa,1.8,0.5,Norwich City
35,2022-04-30,Southampton,0.6,1.1,Crystal Palace
35,2022-04-30,Leeds United,1.3,2.4,Manchester City
35,2022-05-01,Tottenham,1.2,0.5,Leicester City
35,2022-05-01,Everton,0.8,0.8,Chelsea
35,2022-05-01,West Ham,0.5,0.9,Arsenal
35,2022-05-02,Manchester Utd,2.0,0.6,Brentford
36,2022-05-07,Burnley,1.9,2.1,Aston Villa
36,2022-05-07,Crystal Palace,2.2,0.4,Watford
36,2022-05-07,Brentford,2.6,1.4,Southampton
36,2022-05-07,Chelsea,1.7,2.0,Wolves
36,2022-05-07,Brighton,2.3,0.9,Manchester Utd
36,2022-05-07,Liverpool,1.3,0.9,Tottenham
36,2022-05-08,Leicester City,1.5,1.1,Everton
36,2022-05-08,Arsenal,2.0,0.3,Leeds United
36,2022-05-08,Norwich City,0.8,3.0,West Ham
36,2022-05-08,Manchester City,3.1,0.8,Newcastle Utd
33,2022-05-10,Aston Villa,1.4,1.8,Liverpool
33,2022-05-11,Leeds United,0.4,1.3,Chelsea
21,2022-05-11,Leicester City,2.0,1.1,Norwich City
30,2022-05-11,Watford,0.3,0.7,Everton
33,2022-05-11,Wolves,0.5,2.3,Manchester City
22,2022-05-12,Tottenham,2.7,0.5,Arsenal
37,2022-05-15,Tottenham,2.2,0.7,Burnley
37,2022-05-15,Wolves,0.9,1.1,Norwich City
37,2022-05-15,Aston Villa,1.0,1.4,Crystal Palace
37,2022-05-15,Watford,1.4,2.5,Leicester City
37,2022-05-15,West Ham,1.1,2.4,Manchester City
37,2022-05-15,Leeds United,1.6,2.2,Brighton
37,2022-05-15,Everton,2.1,1.4,Brentford
37,2022-05-16,Newcastle Utd,1.6,0.6,Arsenal
37,2022-05-17,Southampton,0.1,1.3,Liverpool
33,2022-05-19,Everton,0.8,1.1,Crystal Palace
18,2022-05-19,Aston Villa,1.5,1.6,Burnley
27,2022-05-19,Chelsea,1.6,0.1,Leicester City
38,2022-05-22,Burnley,1.6,1.8,Newcastle Utd
38,2022-05-22,Crystal Palace,0.6,0.7,Manchester Utd
38,2022-05-22,Manchester City,3.4,0.2,Aston Villa
38,2022-05-22,Brentford,0.8,1.3,Leeds United
38,2022-05-22,Arsenal,4.2,1.1,Everton
38,2022-05-22,Norwich City,0.5,3.4,Tottenham
38,2022-05-22,Leicester City,3.4,1.1,Southampton
38,2022-05-22,Liverpool,2.7,1.3,Wolves
38,2022-05-22,Brighton,1.6,0.2,West Ham
38,2022-05-22,Chelsea,2.2,0.6,Watford
1,2022-08-05,Crystal Palace,1.2,1.0,Arsenal
1,2022-08-06,Fulham,1.2,1.2,Liverpool
1,2022-08-06,Newcastle Utd,1.7,0.3,Nott'ham Forest
1,2022-08-06,Bournemouth,0.6,0.7,Aston Villa
1,2022-08-06,Leeds United,0.8,1.3,Wolves
1,2022-08-06,Tottenham,1.5,0.5,Southampton
1,2022-08-06,Everton,0.7,1.5,Chelsea
1,2022-08-07,Leicester City,0.6,0.8,Brentford
1,2022-08-07,Manchester Utd,1.4,1.5,Brighton
1,2022-08-07,West Ham,0.5,2.2,Manchester City
2,2022-08-13,Aston Villa,2.3,1.6,Everton
2,2022-08-13,Brighton,1.5,0.2,Newcastle Utd
2,2022-08-13,Arsenal,2.7,0.5,Leicester City
2,2022-08-13,Southampton,1.2,1.8,Leeds United
2,2022-08-13,Wolves,0.9,1.5,Fulham
2,2022-08-13,Manchester City,1.7,0.1,Bournemouth
2,2022-08-13,Brentford,1.6,0.9,Manchester Utd
2,2022-08-14,Nott'ham Forest,1.3,2.1,West Ham
2,2022-08-14,Chelsea,1.6,1.0,Tottenham
2,2022-08-15,Liverpool,2.0,1.0,Crystal Palace
3,2022-08-20,Tottenham,1.7,0.7,Wolves
3,2022-08-20,Everton,1.5,1.0,Nott'ham Forest
3,2022-08-20,Crystal Palace,2.6,0.9,Aston Villa
3,2022-08-20,Fulham,2.4,1.8,Brentford
3,2022-08-20,Leicester City,0.3,0.9,Southampton
3,2022-08-20,Bournemouth,0.3,1.3,Arsenal
3,2022-08-21,West Ham,0.8,1.7,Brighton
3,2022-08-21,Leeds United,2.1,0.9,Chelsea
3,2022-08-21,Newcastle Utd,1.8,2.1,Manchester City
3,2022-08-22,Manchester Utd,1.8,1.3,Liverpool
4,2022-08-27,Southampton,1.4,1.1,Manchester Utd
4,2022-08-27,Brighton,2.0,1.8,Leeds United
4,2022-08-27,Brentford,2.1,1.1,Everton
4,2022-08-27,Manchester City,2.2,0.1,Crystal Palace
4,2022-08-27,Chelsea,1.8,2.5,Leicester City
4,2022-08-27,Liverpool,3.3,0.3,Bournemouth
4,2022-08-27,Arsenal,2.6,0.8,Fulham
4,2022-08-28,Wolves,0.7,1.7,Newcastle Utd
4,2022-08-28,Aston Villa,0.5,0.6,West Ham
4,2022-08-28,Nott'ham Forest,0.9,2.4,Tottenham
5,2022-08-30,Fulham,0.7,1.4,Brighton
5,2022-08-30,Crystal Palace,1.0,1.4,Brentford
5,2022-08-30,Southampton,1.1,1.1,Chelsea
5,2022-08-30,Leeds United,1.0,1.0,Everton
5,2022-08-31,Bournemouth,0.4,1.5,Wolves
5,2022-08-31,Manchester City,3.3,0.7,Nott'ham Forest
5,2022-08-31,Arsenal,2.4,0.4,Aston Villa
5,2022-08-31,West Ham,1.2,0.6,Tottenham
5,2022-08-31,Liverpool,1.5,0.7,Newcastle Utd
5,2022-09-01,Leicester City,0.7,1.5,Manchester Utd
6,2022-09-03,Everton,1.7,2.1,Liverpool
6,2022-09-03,Tottenham,2.9,0.7,Fulham
6,2022-09-03,Nott'ham Forest,1.9,0.8,Bournemouth
6,2022-09-03,Wolves,0.8,1.2,Southampton
6,2022-09-03,Newcastle Utd,2.8,1.0,Crystal Palace
6,2022-09-03,Chelsea,0.9,1.1,West Ham
6,2022-09-03,Brentford,2.3,1.7,Leeds United
6,2022-09-03,Aston Villa,0.3,2.1,Manchester City
6,2022-09-04,Brighton,2.6,1.4,Leicester City
6,2022-09-04,Manchester Utd,1.5,1.3,Arsenal
8,2022-09-16,Nott'ham Forest,1.4,0.9,Fulham
8,2022-09-16,Aston Villa,1.5,0.3,Southampton
8,2022-09-17,Wolves,0.4,1.1,Manchester City
8,2022-09-17,Newcastle Utd,1.9,0.7,Bournemouth
8,2022-09-17,Tottenham,2.2,1.8,Leicester City
8,2022-09-18,Brentford,0.5,1.5,Arsenal
8,2022-09-18,Everton,0.4,1.0,West Ham
9,2022-10-01,Arsenal,2.4,1.6,Tottenham
9,2022-10-01,Fulham,0.5,3.3,Newcastle Utd
9,2022-10-01,Liverpool,1.5,1.4,Brighton
9,2022-10-01,Crystal Palace,0.4,1.1,Chelsea
9,2022-10-01,Bournemouth,0.4,0.9,Brentford
9,2022-10-01,Southampton,1.7,2.0,Everton
9,2022-10-01,West Ham,0.9,0.7,Wolves
9,2022-10-02,Manchester City,3.2,1.7,Manchester Utd
9,2022-10-02,Leeds United,0.4,2.2,Aston Villa
9,2022-10-03,Leicester City,1.3,1.1,Nott'ham Forest
10,2022-10-08,Newcastle Utd,1.5,1.2,Brentford
10,2022-10-08,Bournemouth,1.1,1.0,Leicester City
10,2022-10-08,Chelsea,1.9,1.1,Wolves
10,2022-10-08,Manchester City,2.4,0.2,Southampton
10,2022-10-08,Brighton,0.7,0.8,Tottenham
10,2022-10-09,West Ham,2.4,0.7,Fulham
10,2022-10-09,Crystal Palace,1.1,1.0,Leeds United
10,2022-10-09,Arsenal,2.7,1.1,Liverpool
10,2022-10-09,Everton,0.6,1.4,Manchester Utd
10,2022-10-10,Nott'ham Forest,0.3,0.7,Aston Villa
11,2022-10-14,Brentford,1.5,1.9,Brighton
11,2022-10-15,Leicester City,1.0,0.4,Crystal Palace
11,2022-10-15,Fulham,2.1,1.0,Bournemouth
11,2022-10-15,Wolves,1.3,1.5,Nott'ham Forest
11,2022-10-15,Tottenham,2.2,0.4,Everton
11,2022-10-16,Manchester Utd,0.8,0.8,Newcastle Utd
11,2022-10-16,Aston Villa,1.8,0.9,Chelsea
11,2022-10-16,Leeds United,1.8,0.5,Arsenal
11,2022-10-16,Southampton,0.5,1.7,West Ham
11,2022-10-16,Liverpool,2.1,1.0,Manchester City
12,2022-10-18,Brighton,1.7,0.1,Nott'ham Forest
12,2022-10-18,Crystal Palace,1.2,0.8,Wolves
12,2022-10-19,Bournemouth,1.0,1.0,Southampton
12,2022-10-19,Newcastle Utd,1.5,0.2,Everton
12,2022-10-19,Brentford,1.3,0.9,Chelsea
12,2022-10-19,Liverpool,1.7,1.7,West Ham
12,2022-10-19,Manchester Utd,1.5,0.6,Tottenham
12,2022-10-20,Fulham,2.1,1.2,Aston Villa
12,2022-10-20,Leicester City,0.8,1.3,Leeds United
13,2022-10-22,Nott'ham Forest,1.9,1.6,Liverpool
13,2022-10-22,Everton,1.4,0.9,Crystal Palace
13,2022-10-22,Manchester City,1.6,0.5,Brighton
13,2022-10-22,Chelsea,1.1,0.8,Manchester Utd
13,2022-10-23,Wolves,2.1,0.9,Leicester City
13,2022-10-23,Aston Villa,2.8,0.9,Brentford
13,2022-10-23,Leeds United,1.6,1.8,Fulham
13,2022-10-23,Southampton,0.7,1.0,Arsenal
13,2022-10-23,Tottenham,1.6,1.2,Newcastle Utd
13,2022-10-24,West Ham,1.9,0.4,Bournemouth
14,2022-10-29,Leicester City,0.7,1.0,Manchester City
14,2022-10-29,Crystal Palace,0.9,1.3,Southampton
14,2022-10-29,Newcastle Utd,3.4,0.4,Aston Villa
14,2022-10-29,Bournemouth,0.5,2.0,Tottenham
14,2022-10-29,Brighton,2.4,1.4,Chelsea
14,2022-10-29,Brentford,1.4,0.6,Wolves
14,2022-10-29,Fulham,1.9,0.9,Everton
14,2022-10-29,Liverpool,1.7,1.8,Leeds United
14,2022-10-30,Arsenal,2.3,0.4,Nott'ham Forest
14,2022-10-30,Manchester Utd,1.2,1.1,West Ham
15,2022-11-05,Leeds United,2.2,1.5,Bournemouth
15,2022-11-05,Wolves,1.2,1.5,Brighton
15,2022-11-05,Manchester City,2.1,1.0,Fulham
15,2022-11-05,Nott'ham Forest,1.5,1.5,Brentford
15,2022-11-05,Everton,1.2,2.3,Leicester City
15,2022-11-06,Chelsea,0.3,2.1,Arsenal
15,2022-11-06,Southampton,1.7,0.9,Newcastle Utd
15,2022-11-06,West Ham,0.3,1.0,Crystal Palace
15,2022-11-06,Aston Villa,0.6,0.5,Manchester Utd
15,2022-11-06,Tottenham,1.2,1.2,Liverpool
16,2022-11-12,Manchester City,1.6,1.3,Brentford
16,2022-11-12,Tottenham,1.8,1.1,Leeds United
16,2022-11-12,Nott'ham Forest,1.1,1.2,Crystal Palace
16,2022-11-12,West Ham,1.4,1.8,Leicester City
16,2022-11-12,Liverpool,1.9,1.1,Southampton
16,2022-11-12,Bournemouth,2.4,0.8,Everton
16,2022-11-12,Newcastle Utd,1.0,0.3,Chelsea
16,2022-11-12,Wolves,0.7,2.1,Arsenal
16,2022-11-13,Brighton,0.6,1.5,Aston Villa
16,2022-11-13,Fulham,1.4,2.5,Manchester Utd
17,2022-12-26,Brentford,2.0,1.1,Tottenham
17,2022-12-26,Crystal Palace,0.4,2.5,Fulham
17,2022-12-26,Everton,1.7,0.8,Wolves
17,2022-12-26,Leicester City,0.5,1.9,Newcastle Utd
17,2022-12-26,Southampton,1.9,0.6,Brighton
17,2022-12-26,Aston Villa,1.4,2.7,Liverpool
17,2022-12-26,Arsenal,2.1,1.0,West Ham
17,2022-12-27,Chelsea,1.8,0.5,Bournemouth
17,2022-12-27,Manchester Utd,2.4,0.7,Nott'ham Forest
17,2022-12-28,Leeds United,0.6,4.3,Manchester City
18,2022-12-30,West Ham,1.3,1.6,Brentford
18,2022-12-30,Liverpool,2.2,1.0,Leicester City
18,2022-12-31,Wolves,0.7,2.0,Manchester Utd
18,2022-12-31,Newcastle Utd,2.2,0.4,Leeds United
18,2022-12-31,Fulham,1.5,0.8,Southampton
18,2022-12-31,Bournemouth,0.6,1.6,Crystal Palace
18,2022-12-31,Manchester City,1.7,0.1,Everton
18,2022-12-31,Brighton,1.2,2.9,Arsenal
18,2023-01-01,Tottenham,0.7,1.0,Aston Villa
18,2023-01-01,Nott'ham Forest,1.4,0.9,Chelsea
19,2023-01-02,Brentford,1.6,0.9,Liverpool
19,2023-01-03,Leicester City,1.7,1.7,Fulham
19,2023-01-03,Everton,1.3,2.2,Brighton
19,2023-01-03,Arsenal,1.1,1.0,Newcastle Utd
19,2023-01-03,Manchester Utd,2.2,0.6,Bournemouth
19,2023-01-04,Southampton,0.5,1.4,Nott'ham Forest
19,2023-01-04,Leeds United,1.6,1.4,West Ham
19,2023-01-04,Crystal Palace,0.8,1.4,Tottenham
19,2023-01-04,Aston Villa,1.8,0.9,Wolves
19,2023-01-05,Chelsea,0.4,2.0,Manchester City
7,2023-01-12,Fulham,1.0,2.1,Chelsea
20,2023-01-13,Aston Villa,1.2,2.4,Leeds United
20,2023-01-14,Manchester Utd,1.7,0.6,Manchester City
20,2023-01-14,Nott'ham Forest,2.4,1.0,Leicester City
20,2023-01-14,Wolves,0.9,1.1,West Ham
20,2023-01-14,Brighton,1.9,1.0,Liverpool
20,2023-01-14,Everton,1.4,1.2,Southampton
20,2023-01-14,Brentford,1.4,0.6,Bournemouth
20,2023-01-15,Newcastle Utd,2.2,1.1,Fulham
20,2023-01-15,Chelsea,1.5,0.7,Crystal Palace
20,2023-01-15,Tottenham,1.6,1.8,Arsenal
7,2023-01-18,Crystal Palace,0.5,2.1,Manchester Utd
7,2023-01-19,Manchester City,2.3,0.8,Tottenham
21,2023-01-21,Liverpool,1.4,1.6,Chelsea
21,2023-01-21,Southampton,0.6,1.4,Aston Villa
21,2023-01-21,Bournemouth,1.4,1.9,Nott'ham Forest
21,2023-01-21,Leicester City,0.9,1.7,Brighton
21,2023-01-21,West Ham,2.2,0.5,Everton
21,2023-01-21,Crystal Palace,0.3,1.2,Newcastle Utd
21,2023-01-22,Leeds United,0.5,0.4,Brentford
21,2023-01-22,Manchester City,2.8,0.8,Wolves
21,2023-01-22,Arsenal,3.1,0.4,Manchester Utd
21,2023-01-23,Fulham,1.0,0.9,Tottenham
22,2023-02-03,Chelsea,1.3,0.6,Fulham
22,2023-02-04,Everton,1.7,0.9,Arsenal
22,2023-02-04,Brentford,2.0,0.7,Southampton
22,2023-02-04,Wolves,2.0,1.8,Liverpool
22,2023-02-04,Manchester Utd,2.0,1.3,Crystal Palace
22,2023-02-04,Aston Villa,1.7,2.6,Leicester City
22,2023-02-04,Brighton,2.2,1.1,Bournemouth
22,2023-02-04,Newcastle Utd,1.0,1.0,West Ham
22,2023-02-05,Nott'ham Forest,0.4,0.9,Leeds United
22,2023-02-05,Tottenham,1.4,1.3,Manchester City
8,2023-02-08,Manchester Utd,2.0,0.6,Leeds United
23,2023-02-11,West Ham,1.3,1.1,Chelsea
23,2023-02-11,Arsenal,1.6,2.0,Brentford
23,2023-02-11,Leicester City,1.7,1.3,Tottenham
23,2023-02-11,Fulham,1.5,0.7,Nott'ham Forest
23,2023-02-11,Crystal Palace,1.1,2.5,Brighton
23,2023-02-11,Southampton,1.1,0.8,Wolves
23,2023-02-11,Bournemouth,1.5,1.3,Newcastle Utd
23,2023-02-12,Leeds United,1.8,1.1,Manchester Utd
23,2023-02-12,Manchester City,3.3,0.3,Aston Villa
23,2023-02-13,Liverpool,2.3,0.4,Everton
12,2023-02-15,Arsenal,1.6,1.8,Manchester City
24,2023-02-18,Aston Villa,0.5,3.2,Arsenal
24,2023-02-18,Brighton,2.2,0.3,Fulham
24,2023-02-18,Brentford,0.9,1.1,Crystal Palace
24,2023-02-18,Everton,1.4,0.5,Leeds United
24,2023-02-18,Chelsea,1.6,0.6,Southampton
24,2023-02-18,Wolves,1.3,1.1,Bournemouth
24,2023-02-18,Nott'ham Forest,0.9,2.4,Manchester City
24,2023-02-18,Newcastle Utd,2.0,1.9,Liverpool
24,2023-02-19,Manchester Utd,4.4,1.6,Leicester City
24,2023-02-19,Tottenham,1.5,0.5,West Ham
25,2023-02-24,Fulham,0.5,0.8,Wolves
25,2023-02-25,Leicester City,0.0,0.7,Arsenal
25,2023-02-25,Everton,1.6,1.9,Aston Villa
25,2023-02-25,Leeds United,0.9,0.4,Southampton
25,2023-02-25,West Ham,2.7,0.4,Nott'ham Forest
25,2023-02-25,Bournemouth,1.0,2.4,Manchester City
25,2023-02-25,Crystal Palace,0.7,0.9,Liverpool
25,2023-02-26,Tottenham,0.8,0.4,Chelsea
7,2023-03-01,Arsenal,2.4,1.2,Everton
7,2023-03-01,Liverpool,2.6,0.8,Wolves
26,2023-03-04,Manchester City,1.3,0.4,Newcastle Utd
26,2023-03-04,Chelsea,1.5,1.0,Leeds United
26,2023-03-04,Aston Villa,1.2,0.2,Crystal Palace
26,2023-03-04,Wolves,0.5,1.2,Tottenham
26,2023-03-04,Brighton,3.5,0.3,West Ham
26,2023-03-04,Arsenal,2.1,1.3,Bournemouth
26,2023-03-04,Southampton,1.4,1.9,Leicester City
26,2023-03-05,Nott'ham Forest,0.8,1.7,Everton
26,2023-03-05,Liverpool,2.8,0.8,Manchester Utd
26,2023-03-06,Brentford,2.1,1.4,Fulham
27,2023-03-11,Bournemouth,0.9,1.7,Liverpool
27,2023-03-11,Tottenham,2.0,1.5,Nott'ham Forest
27,2023-03-11,Everton,1.0,2.0,Brentford
27,2023-03-11,Leicester City,2.4,1.6,Chelsea
27,2023-03-11,Leeds United,0.9,2.7,Brighton
27,2023-03-11,Crystal Palace,0.2,2.1,Manchester City
27,2023-03-12,Fulham,0.8,2.3,Arsenal
27,2023-03-12,West Ham,2.1,1.5,Aston Villa
27,2023-03-12,Manchester Utd,0.8,1.0,Southampton
27,2023-03-12,Newcastle Utd,1.8,1.1,Wolves
7,2023-03-15,Southampton,0.5,1.9,Brentford
8,2023-03-15,Brighton,0.6,1.1,Crystal Palace
28,2023-03-17,Nott'ham Forest,0.4,2.4,Newcastle Utd
28,2023-03-18,Wolves,2.7,1.6,Leeds United
28,2023-03-18,Brentford,0.6,1.3,Leicester City
28,2023-03-18,Aston Villa,3.5,1.3,Bournemouth
28,2023-03-18,Southampton,2.4,2.3,Tottenham
28,2023-03-18,Chelsea,2.3,1.2,Everton
28,2023-03-19,Arsenal,1.6,0.8,Crystal Palace
29,2023-04-01,Manchester City,2.9,0.3,Liverpool
29,2023-04-01,Arsenal,3.8,0.7,Leeds United
29,2023-04-01,Bournemouth,2.6,0.8,Fulham
29,2023-04-01,Crystal Palace,2.3,0.2,Leicester City
29,2023-04-01,Brighton,4.2,1.6,Brentford
29,2023-04-01,Nott'ham Forest,1.3,0.5,Wolves
29,2023-04-01,Chelsea,2.1,0.9,Aston Villa
29,2023-04-02,West Ham,1.4,0.3,Southampton
29,2023-04-02,Newcastle Utd,3.7,0.4,Manchester Utd
29,2023-04-03,Everton,0.9,1.4,Tottenham
7,2023-04-04,Leeds United,1.8,0.8,Nott'ham Forest
7,2023-04-04,Leicester City,0.5,1.0,Aston Villa
7,2023-04-04,Bournemouth,1.7,2.7,Brighton
8,2023-04-04,Chelsea,2.2,0.3,Liverpool
7,2023-04-05,West Ham,1.0,3.3,Newcastle Utd
25,2023-04-05,Manchester Utd,1.2,0.7,Brentford
30,2023-04-08,Manchester Utd,3.4,1.0,Everton
30,2023-04-08,Fulham,0.7,1.1,West Ham
30,2023-04-08,Wolves,0.6,1.1,Chelsea
30,2023-04-08,Tottenham,0.8,1.4,Brighton
30,2023-04-08,Leicester City,0.6,1.9,Bournemouth
30,2023-04-08,Brentford,2.6,1.3,Newcastle Utd
30,2023-04-08,Aston Villa,1.3,0.2,Nott'ham Forest
30,2023-04-08,Southampton,0.4,2.9,Manchester City
30,2023-04-09,Leeds United,0.9,3.0,Crystal Palace
30,2023-04-09,Liverpool,3.9,1.4,Arsenal
31,2023-04-15,Aston Villa,1.9,0.5,Newcastle Utd
31,2023-04-15,Southampton,0.8,0.9,Crystal Palace
31,2023-04-15,Everton,1.4,1.8,Fulham
31,2023-04-15,Tottenham,2.2,1.3,Bournemouth
31,2023-04-15,Chelsea,0.5,2.9,Brighton
31,2023-04-15,Wolves,0.8,1.1,Brentford
31,2023-04-15,Manchester City,1.6,2.3,Leicester City
31,2023-04-16,West Ham,1.8,2.7,Arsenal
31,2023-04-16,Nott'ham Forest,0.7,3.5,Manchester Utd
31,2023-04-17,Leeds United,1.4,2.7,Liverpool
32,2023-04-21,Arsenal,2.4,1.3,Southampton
32,2023-04-22,Fulham,1.7,0.8,Leeds United
32,2023-04-22,Brentford,2.7,1.5,Aston Villa
32,2023-04-22,Crystal Palace,0.5,0.4,Everton
32,2023-04-22,Liverpool,2.8,0.9,Nott'ham Forest
32,2023-04-22,Leicester City,2.4,0.9,Wolves
32,2023-04-23,Bournemouth,1.5,2.4,West Ham
32,2023-04-23,Newcastle Utd,3.7,1.0,Tottenham
33,2023-04-25,Wolves,1.4,0.8,Crystal Palace
33,2023-04-25,Aston Villa,1.0,0.1,Fulham
33,2023-04-25,Leeds United,1.5,2.1,Leicester City
33,2023-04-26,Nott'ham Forest,2.4,2.3,Brighton
33,2023-04-26,Chelsea,1.3,1.1,Brentford
33,2023-04-26,West Ham,0.8,1.9,Liverpool
33,2023-04-26,Manchester City,2.5,0.5,Arsenal
33,2023-04-27,Southampton,0.5,0.9,Bournemouth
33,2023-04-27,Everton,0.9,2.4,Newcastle Utd
33,2023-04-27,Tottenham,2.5,2.0,Manchester Utd
34,2023-04-29,Crystal Palace,2.1,1.7,West Ham
34,2023-04-29,Brentford,1.6,0.7,Nott'ham Forest
34,2023-04-29,Brighton,3.3,0.8,Wolves
34,2023-04-30,Fulham,0.2,2.5,Manchester City
34,2023-04-30,Manchester Utd,1.2,0.6,Aston Villa
34,2023-04-30,Newcastle Utd,4.3,0.8,Southampton
34,2023-04-30,Bournemouth,1.9,1.6,Leeds United
34,2023-04-30,Liverpool,2.2,2.0,Tottenham
34,2023-05-01,Leicester City,3.4,3.1,Everton
34,2023-05-02,Arsenal,1.7,0.8,Chelsea
28,2023-05-03,Liverpool,1.8,0.9,Fulham
28,2023-05-03,Manchester City,2.3,0.4,West Ham
28,2023-05-04,Brighton,2.3,1.4,Manchester Utd
35,2023-05-06,Tottenham,0.9,0.4,Crystal Palace
35,2023-05-06,Manchester City,2.6,0.2,Leeds United
35,2023-05-06,Bournemouth,1.2,1.3,Chelsea
35,2023-05-06,Wolves,0.8,1.5,Aston Villa
35,2023-05-06,Liverpool,2.2,0.2,Brentford
35,2023-05-07,Newcastle Utd,1.3,1.3,Arsenal
35,2023-05-07,West Ham,1.3,1.2,Manchester Utd
35,2023-05-08,Fulham,1.6,2.8,Leicester City
35,2023-05-08,Brighton,3.2,2.3,Everton
35,2023-05-08,Nott'ham Forest,1.8,3.1,Southampton
36,2023-05-13,Leeds United,2.0,2.3,Newcastle Utd
36,2023-05-13,Chelsea,1.2,1.3,Nott'ham Forest
36,2023-05-13,Manchester Utd,3.2,0.3,Wolves
36,2023-05-13,Aston Villa,1.2,1.4,Tottenham
36,2023-05-13,Crystal Palace,1.5,0.3,Bournemouth
36,2023-05-13,Southampton,0.4,1.4,Fulham
36,2023-05-14,Brentford,3.4,0.2,West Ham
36,2023-05-14,Everton,1.6,0.8,Manchester City
36,2023-05-14,Arsenal,0.9,1.7,Brighton
36,2023-05-15,Leicester City,0.4,2.2,Liverpool
25,2023-05-18,Newcastle Utd,3.6,0.5,Brighton
37,2023-05-20,Tottenham,1.7,1.2,Brentford
37,2023-05-20,Wolves,1.6,2.0,Everton
37,2023-05-20,Liverpool,0.7,1.3,Aston Villa
37,2023-05-20,Bournemouth,1.0,1.4,Manchester Utd
37,2023-05-20,Fulham,1.7,1.6,Crystal Palace
37,2023-05-20,Nott'ham Forest,0.6,0.6,Arsenal
37,2023-05-21,West Ham,2.1,0.9,Leeds United
37,2023-05-21,Brighton,2.5,0.6,Southampton
37,2023-05-21,Manchester City,1.2,1.2,Chelsea
37,2023-05-22,Newcastle Utd,2.1,0.1,Leicester City
32,2023-05-24,Brighton,2.2,1.8,Manchester City
32,2023-05-25,Manchester Utd,5.2,1.9,Chelsea
38,2023-05-28,Brentford,1.3,1.6,Manchester City
38,2023-05-28,Everton,1.0,0.5,Bournemouth
38,2023-05-28,Crystal Palace,1.4,0.5,Nott'ham Forest
38,2023-05-28,Southampton,1.8,4.0,Liverpool
38,2023-05-28,Leicester City,1.4,1.4,West Ham
38,2023-05-28,Aston Villa,2.8,1.4,Brighton
38,2023-05-28,Leeds United,1.5,2.2,Tottenham
38,2023-05-28,Arsenal,2.8,0.5,Wolves
38,2023-05-28,Manchester Utd,2.9,1.8,Fulham
38,2023-05-28,Chelsea,2.2,1.7,Newcastle Utd
1,2023-08-11,Burnley,0.3,1.9,Manchester City
1,2023-08-12,Arsenal,0.8,1.2,Nott'ham Forest
1,2023-08-12,Everton,2.7,1.5,Fulham
1,2023-08-12,Brighton,4.0,1.5,Luton Town
1,2023-08-12,Sheffield Utd,0.5,1.9,Crystal Palace
1,2023-08-12,Bournemouth,1.3,1.1,West Ham
1,2023-08-12,Newcastle Utd,3.3,1.8,Aston Villa
1,2023-08-13,Brentford,2.2,1.3,Tottenham
1,2023-08-13,Chelsea,1.4,1.3,Liverpool
1,2023-08-14,Manchester Utd,2.2,2.2,Wolves
2,2023-08-18,Nott'ham Forest,1.4,0.5,Sheffield Utd
2,2023-08-19,Wolves,2.1,2.2,Brighton
2,2023-08-19,Fulham,0.5,3.7,Brentford
2,2023-08-19,Liverpool,3.0,1.3,Bournemouth
2,2023-08-19,Tottenham,1.7,2.1,Manchester Utd
2,2023-08-19,Manchester City,1.0,0.3,Newcastle Utd
2,2023-08-20,Aston Villa,2.9,0.6,Everton
2,2023-08-20,West Ham,1.8,2.5,Chelsea
2,2023-08-21,Crystal Palace,1.0,2.0,Arsenal
3,2023-08-25,Chelsea,2.2,0.4,Luton Town
3,2023-08-26,Bournemouth,0.7,2.1,Tottenham
3,2023-08-26,Everton,1.3,1.1,Wolves
3,2023-08-26,Manchester Utd,2.8,1.2,Nott'ham Forest
3,2023-08-26,Brentford,1.0,0.8,Crystal Palace
3,2023-08-26,Arsenal,3.2,0.6,Fulham
3,2023-08-26,Brighton,1.5,3.0,West Ham
3,2023-08-27,Sheffield Utd,0.7,3.5,Manchester City
3,2023-08-27,Burnley,0.7,2.5,Aston Villa
3,2023-08-27,Newcastle Utd,2.0,0.9,Liverpool
4,2023-09-01,Luton Town,1.4,1.0,West Ham
4,2023-09-02,Sheffield Utd,1.2,2.5,Everton
4,2023-09-02,Brentford,2.9,2.1,Bournemouth
4,2023-09-02,Manchester City,2.2,1.4,Fulham
4,2023-09-02,Chelsea,2.3,0.8,Nott'ham Forest
4,2023-09-02,Burnley,1.3,2.2,Tottenham
4,2023-09-02,Brighton,1.3,1.2,Newcastle Utd
4,2023-09-03,Crystal Palace,2.1,1.2,Wolves
4,2023-09-03,Liverpool,2.5,0.7,Aston Villa
4,2023-09-03,Arsenal,2.3,0.9,Manchester Utd
5,2023-09-16,Wolves,0.6,2.5,Liverpool
5,2023-09-16,Tottenham,2.1,0.7,Sheffield Utd
5,2023-09-16,West Ham,0.9,3.6,Manchester City
5,2023-09-16,Aston Villa,3.0,1.2,Crystal Palace
5,2023-09-16,Fulham,1.0,1.1,Luton Town
5,2023-09-16,Manchester Utd,1.0,1.7,Brighton
5,2023-09-16,Newcastle Utd,1.4,0.5,Brentford
5,2023-09-17,Bournemouth,1.0,1.8,Chelsea
5,2023-09-17,Everton,0.3,1.0,Arsenal
5,2023-09-18,Nott'ham Forest,0.7,0.5,Burnley
6,2023-09-23,Luton Town,2.1,0.6,Wolves
6,2023-09-23,Manchester City,1.3,1.0,Nott'ham Forest
6,2023-09-23,Crystal Palace,0.3,0.6,Fulham
6,2023-09-23,Brentford,1.0,1.9,Everton
6,2023-09-23,Burnley,1.1,1.0,Manchester Utd
6,2023-09-24,Chelsea,1.3,1.0,Aston Villa
6,2023-09-24,Arsenal,1.8,1.4,Tottenham
6,2023-09-24,Liverpool,3.0,1.1,West Ham
6,2023-09-24,Brighton,1.9,1.1,Bournemouth
6,2023-09-24,Sheffield Utd,0.9,3.9,Newcastle Utd
7,2023-09-30,Aston Villa,1.6,1.7,Brighton
7,2023-09-30,Manchester Utd,1.3,0.9,Crystal Palace
7,2023-09-30,Wolves,0.4,0.9,Manchester City
7,2023-09-30,West Ham,2.1,1.1,Sheffield Utd
7,2023-09-30,Bournemouth,0.6,3.4,Arsenal
7,2023-09-30,Newcastle Utd,3.1,0.6,Burnley
7,2023-09-30,Everton,2.9,0.9,Luton Town
7,2023-09-30,Tottenham,2.2,1.3,Liverpool
7,2023-10-01,Nott'ham Forest,0.5,1.6,Brentford
7,2023-10-02,Fulham,1.1,1.7,Chelsea
2,2023-10-03,Luton Town,1.3,1.1,Burnley
8,2023-10-07,Luton Town,0.8,1.9,Tottenham
8,2023-10-07,Burnley,0.7,1.9,Chelsea
8,2023-10-07,Manchester Utd,1.4,0.9,Brentford
8,2023-10-07,Everton,2.4,0.7,Bournemouth
8,2023-10-07,Fulham,2.2,0.6,Sheffield Utd
8,2023-10-07,Crystal Palace,0.8,1.0,Nott'ham Forest
8,2023-10-08,West Ham,1.2,2.0,Newcastle Utd
8,2023-10-08,Wolves,1.7,1.6,Aston Villa
8,2023-10-08,Brighton,2.3,2.3,Liverpool
8,2023-10-08,Arsenal,0.4,0.5,Manchester City
9,2023-10-21,Liverpool,2.2,0.1,Everton
9,2023-10-21,Brentford,3.1,1.1,Burnley
9,2023-10-21,Nott'ham Forest,2.9,1.7,Luton Town
9,2023-10-21,Bournemouth,0.6,2.4,Wolves
9,2023-10-21,Newcastle Utd,2.4,1.2,Crystal Palace
9,2023-10-21,Manchester City,0.8,0.8,Brighton
9,2023-10-21,Chelsea,1.3,1.0,Arsenal
9,2023-10-21,Sheffield Utd,1.4,1.1,Manchester Utd
9,2023-10-22,Aston Villa,1.9,1.1,West Ham
9,2023-10-23,Tottenham,1.5,1.0,Fulham
10,2023-10-27,Crystal Palace,0.6,1.1,Tottenham
10,2023-10-28,Chelsea,1.9,2.2,Brentford
10,2023-10-28,Arsenal,2.8,0.0,Sheffield Utd
10,2023-10-28,Bournemouth,1.1,0.8,Burnley
10,2023-10-28,Wolves,0.9,2.2,Newcastle Utd
10,2023-10-29,West Ham,0.7,0.8,Everton
10,2023-10-29,Brighton,1.4,0.7,Fulham
10,2023-10-29,Liverpool,3.2,0.4,Nott'ham Forest
10,2023-10-29,Aston Villa,2.3,0.5,Luton Town
10,2023-10-29,Manchester Utd,0.9,4.0,Manchester City
11,2023-11-04,Fulham,1.0,0.7,Manchester Utd
11,2023-11-04,Brentford,1.5,1.8,West Ham
11,2023-11-04,Burnley,1.1,1.3,Crystal Palace
11,2023-11-04,Manchester City,1.9,0.9,Bournemouth
11,2023-11-04,Everton,0.7,0.5,Brighton
11,2023-11-04,Sheffield Utd,1.0,1.2,Wolves
11,2023-11-04,Newcastle Utd,1.0,0.6,Arsenal
11,2023-11-05,Nott'ham Forest,0.4,1.2,Aston Villa
11,2023-11-05,Luton Town,0.8,2.6,Liverpool
11,2023-11-06,Tottenham,0.9,4.1,Chelsea
12,2023-11-11,Wolves,2.1,0.7,Tottenham
12,2023-11-11,Manchester Utd,2.2,0.4,Luton Town
12,2023-11-11,Crystal Palace,2.2,1.5,Everton
12,2023-11-11,Arsenal,1.8,0.3,Burnley
12,2023-11-11,Bournemouth,2.4,0.5,Newcastle Utd
12,2023-11-12,Aston Villa,3.0,0.9,Fulham
12,2023-11-12,Brighton,1.5,1.1,Sheffield Utd
12,2023-11-12,Liverpool,1.7,1.6,Brentford
12,2023-11-12,West Ham,1.8,1.7,Nott'ham Forest
12,2023-11-12,Chelsea,2.9,2.9,Manchester City
13,2023-11-25,Manchester City,1.3,0.6,Liverpool
13,2023-11-25,Sheffield Utd,0.8,2.9,Bournemouth
13,2023-11-25,Newcastle Utd,2.4,0.5,Chelsea
13,2023-11-25,Luton Town,0.9,1.6,Crystal Palace
13,2023-11-25,Burnley,1.3,0.9,West Ham
13,2023-11-25,Nott'ham Forest,1.9,1.3,Brighton
13,2023-11-25,Brentford,1.1,1.6,Arsenal
13,2023-11-26,Tottenham,2.3,1.7,Aston Villa
13,2023-11-26,Everton,2.4,2.2,Manchester Utd
13,2023-11-27,Fulham,2.9,1.4,Wolves
14,2023-12-02,Arsenal,2.8,0.7,Wolves
14,2023-12-02,Brentford,3.1,0.2,Luton Town
14,2023-12-02,Burnley,1.8,0.4,Sheffield Utd
14,2023-12-02,Nott'ham Forest,0.7,0.7,Everton
14,2023-12-02,Newcastle Utd,2.4,0.5,Manchester Utd
14,2023-12-03,Bournemouth,2.0,0.7,Aston Villa
14,2023-12-03,West Ham,1.1,0.9,Crystal Palace
14,2023-12-03,Liverpool,2.1,1.2,Fulham
14,2023-12-03,Chelsea,2.1,1.1,Brighton
14,2023-12-03,Manchester City,2.6,0.5,Tottenham
15,2023-12-05,Wolves,0.8,0.9,Burnley
15,2023-12-05,Luton Town,0.5,2.2,Arsenal
15,2023-12-06,Sheffield Utd,1.0,1.7,Liverpool
15,2023-12-06,Brighton,1.5,1.5,Brentford
15,2023-12-06,Crystal Palace,1.0,1.8,Bournemouth
15,2023-12-06,Fulham,2.5,0.3,Nott'ham Forest
15,2023-12-06,Aston Villa,2.3,0.6,Manchester City
15,2023-12-06,Manchester Utd,4.1,1.5,Chelsea
15,2023-12-07,Everton,3.3,1.5,Newcastle Utd
15,2023-12-07,Tottenham,1.8,2.2,West Ham
16,2023-12-09,Crystal Palace,1.7,1.2,Liverpool
16,2023-12-09,Sheffield Utd,0.8,0.6,Brentford
16,2023-12-09,Brighton,2.6,0.6,Burnley
16,2023-12-09,Wolves,1.2,1.3,Nott'ham Forest
16,2023-12-09,Manchester Utd,1.1,1.5,Bournemouth
16,2023-12-09,Aston Villa,0.6,1.4,Arsenal
16,2023-12-10,Luton Town,0.3,1.6,Manchester City
16,2023-12-10,Fulham,2.3,1.3,West Ham
16,2023-12-10,Everton,1.2,0.9,Chelsea
16,2023-12-10,Tottenham,3.8,1.7,Newcastle Utd
17,2023-12-15,Nott'ham Forest,1.3,1.5,Tottenham
17,2023-12-16,Chelsea,3.1,0.4,Sheffield Utd
17,2023-12-16,Newcastle Utd,3.5,0.3,Fulham
17,2023-12-16,Manchester City,1.6,1.8,Crystal Palace
17,2023-12-16,Burnley,0.7,1.4,Everton
17,2023-12-17,West Ham,1.1,0.7,Wolves
17,2023-12-17,Arsenal,2.3,0.7,Brighton
17,2023-12-17,Brentford,0.5,1.4,Aston Villa
17,2023-12-17,Liverpool,2.3,0.8,Manchester Utd
18,2023-12-21,Crystal Palace,1.3,1.2,Brighton
18,2023-12-22,Aston Villa,0.9,0.6,Sheffield Utd
18,2023-12-23,West Ham,1.2,1.0,Manchester Utd
18,2023-12-23,Fulham,1.3,0.4,Burnley
18,2023-12-23,Nott'ham Forest,1.0,1.6,Bournemouth
18,2023-12-23,Luton Town,1.4,1.4,Newcastle Utd
18,2023-12-23,Tottenham,1.5,1.8,Everton
18,2023-12-23,Liverpool,1.0,0.7,Arsenal
18,2023-12-24,Wolves,1.3,2.0,Chelsea
19,2023-12-26,Newcastle Utd,2.4,3.5,Nott'ham Forest
19,2023-12-26,Bournemouth,1.8,0.3,Fulham
19,2023-12-26,Sheffield Utd,2.4,0.6,Luton Town
19,2023-12-26,Burnley,0.8,1.8,Liverpool
19,2023-12-26,Manchester Utd,1.1,1.7,Aston Villa
19,2023-12-27,Brentford,2.2,2.4,Wolves
19,2023-12-27,Chelsea,2.6,1.1,Crystal Palace
19,2023-12-27,Everton,1.0,2.4,Manchester City
19,2023-12-28,Brighton,3.2,2.3,Tottenham
19,2023-12-28,Arsenal,2.7,1.4,West Ham
20,2023-12-30,Luton Town,2.3,1.5,Chelsea
20,2023-12-30,Crystal Palace,1.0,1.4,Brentford
20,2023-12-30,Wolves,1.9,0.4,Everton
20,2023-12-30,Manchester City,2.2,0.3,Sheffield Utd
20,2023-12-30,Aston Villa,3.2,1.2,Burnley
20,2023-12-30,Nott'ham Forest,0.7,0.8,Manchester Utd
20,2023-12-31,Fulham,1.2,1.6,Arsenal
20,2023-12-31,Tottenham,2.3,1.7,Bournemouth
20,2024-01-01,Liverpool,7.0,0.6,Newcastle Utd
20,2024-01-02,West Ham,0.7,2.3,Brighton
21,2024-01-12,Burnley,1.1,0.9,Luton Town
21,2024-01-13,Chelsea,2.2,0.8,Fulham
21,2024-01-13,Newcastle Utd,1.3,3.0,Manchester City
21,2024-01-14,Everton,1.1,1.2,Aston Villa
21,2024-01-14,Manchester Utd,0.8,1.2,Tottenham
21,2024-01-20,Arsenal,3.3,0.3,Crystal Palace
21,2024-01-20,Brentford,1.2,1.2,Nott'ham Forest
21,2024-01-21,Sheffield Utd,2.5,2.3,West Ham
21,2024-01-21,Bournemouth,1.4,1.5,Liverpool
21,2024-01-22,Brighton,1.0,1.1,Wolves
22,2024-01-30,Nott'ham Forest,0.5,1.2,Arsenal
22,2024-01-30,Luton Town,3.1,0.9,Brighton
22,2024-01-30,Fulham,1.6,1.9,Everton
22,2024-01-30,Crystal Palace,1.1,0.8,Sheffield Utd
22,2024-01-30,Aston Villa,1.4,2.6,Newcastle Utd
22,2024-01-31,Manchester City,1.7,1.4,Burnley
22,2024-01-31,Tottenham,2.9,1.6,Brentford
22,2024-01-31,Liverpool,2.9,0.6,Chelsea
22,2024-02-01,West Ham,1.4,1.2,Bournemouth
22,2024-02-01,Wolves,2.1,3.3,Manchester Utd
23,2024-02-03,Everton,2.6,1.0,Tottenham
23,2024-02-03,Burnley,1.8,1.5,Fulham
23,2024-02-03,Brighton,1.4,0.3,Crystal Palace
23,2024-02-03,Newcastle Utd,2.3,2.4,Luton Town
23,2024-02-03,Sheffield Utd,1.4,2.2,Aston Villa
23,2024-02-04,Chelsea,1.7,2.0,Wolves
23,2024-02-04,Bournemouth,1.3,0.5,Nott'ham Forest
23,2024-02-04,Manchester Utd,0.7,1.4,West Ham
23,2024-02-04,Arsenal,3.5,0.4,Liverpool
23,2024-02-05,Brentford,1.0,2.1,Manchester City
24,2024-02-10,Manchester City,1.6,0.3,Everton
24,2024-02-10,Wolves,1.0,1.9,Brentford
24,2024-02-10,Fulham,1.6,1.8,Bournemouth
24,2024-02-10,Tottenham,1.6,1.2,Brighton
24,2024-02-10,Liverpool,2.8,1.3,Burnley
24,2024-02-10,Luton Town,1.8,1.7,Sheffield Utd
24,2024-02-10,Nott'ham Forest,1.5,0.5,Newcastle Utd
24,2024-02-11,West Ham,0.2,3.6,Arsenal
24,2024-02-11,Aston Villa,2.4,1.8,Manchester Utd
24,2024-02-12,Crystal Palace,0.6,1.4,Chelsea
25,2024-02-17,Brentford,1.6,2.8,Liverpool
25,2024-02-17,Nott'ham Forest,2.8,0.5,West Ham
25,2024-02-17,Burnley,0.3,2.3,Arsenal
25,2024-02-17,Fulham,1.5,1.5,Aston Villa
25,2024-02-17,Newcastle Utd,2.2,2.2,Bournemouth
25,2024-02-17,Tottenham,1.6,1.8,Wolves
25,2024-02-17,Manchester City,2.6,1.4,Chelsea
25,2024-02-18,Sheffield Utd,0.6,2.9,Brighton
25,2024-02-18,Luton Town,1.8,2.9,Manchester Utd
25,2024-02-19,Everton,1.7,0.7,Crystal Palace
18,2024-02-20,Manchester City,2.3,0.4,Brentford
26,2024-02-21,Liverpool,3.3,0.9,Luton Town
26,2024-02-24,Aston Villa,3.6,2.6,Nott'ham Forest
26,2024-02-24,Manchester Utd,1.7,1.2,Fulham
26,2024-02-24,Crystal Palace,2.4,0.1,Burnley
26,2024-02-24,Brighton,1.4,0.3,Everton
26,2024-02-24,Bournemouth,0.9,1.6,Manchester City
26,2024-02-24,Arsenal,2.8,0.2,Newcastle Utd
26,2024-02-25,Wolves,1.3,0.6,Sheffield Utd
26,2024-02-26,West Ham,1.7,0.9,Brentford
27,2024-03-02,Brentford,1.8,1.8,Chelsea
27,2024-03-02,Newcastle Utd,2.1,0.8,Wolves
27,2024-03-02,Fulham,1.3,1.3,Brighton
27,2024-03-02,Everton,2.7,1.9,West Ham
27,2024-03-02,Tottenham,1.9,0.3,Crystal Palace
27,2024-03-02,Nott'ham Forest,1.0,2.0,Liverpool
27,2024-03-02,Luton Town,1.8,1.9,Aston Villa
27,2024-03-03,Burnley,1.5,1.1,Bournemouth
27,2024-03-03,Manchester City,3.3,0.2,Manchester Utd
27,2024-03-04,Sheffield Utd,0.2,2.3,Arsenal
28,2024-03-09,Manchester Utd,2.7,1.6,Everton
28,2024-03-09,Wolves,0.8,2.6,Fulham
28,2024-03-09,Bournemouth,3.3,1.2,Sheffield Utd
28,2024-03-09,Crystal Palace,2.7,0.8,Luton Town
28,2024-03-09,Arsenal,1.3,1.0,Brentford
28,2024-03-10,Aston Villa,0.8,1.5,Tottenham
28,2024-03-10,Brighton,0.4,0.7,Nott'ham Forest
28,2024-03-10,West Ham,2.1,0.7,Burnley
28,2024-03-10,Liverpool,2.7,1.6,Manchester City
28,2024-03-11,Chelsea,1.6,0.7,Newcastle Utd
17,2024-03-13,Bournemouth,2.3,2.0,Luton Town
29,2024-03-16,Burnley,2.8,1.1,Brentford
29,2024-03-16,Luton Town,0.6,2.0,Nott'ham Forest
29,2024-03-16,Fulham,2.6,2.4,Tottenham
29,2024-03-17,West Ham,2.0,0.7,Aston Villa
30,2024-03-30,Newcastle Utd,4.1,1.4,West Ham
30,2024-03-30,Nott'ham Forest,0.9,1.2,Crystal Palace
30,2024-03-30,Sheffield Utd,1.9,1.3,Fulham
30,2024-03-30,Chelsea,4.2,1.6,Burnley
30,2024-03-30,Tottenham,2.9,0.5,Luton Town
30,2024-03-30,Bournemouth,1.3,1.0,Everton
30,2024-03-30,Aston Villa,1.0,1.5,Wolves
30,2024-03-30,Brentford,3.2,0.6,Manchester Utd
30,2024-03-31,Liverpool,2.8,0.5,Brighton
30,2024-03-31,Manchester City,1.0,0.7,Arsenal
31,2024-04-02,Newcastle Utd,2.4,1.4,Everton
31,2024-04-02,Nott'ham Forest,1.5,1.5,Fulham
31,2024-04-02,Bournemouth,1.1,0.2,Crystal Palace
31,2024-04-02,Burnley,1.3,0.9,Wolves
31,2024-04-02,West Ham,1.5,1.0,Tottenham
31,2024-04-03,Brentford,0.6,1.1,Brighton
31,2024-04-03,Arsenal,0.7,0.3,Luton Town
31,2024-04-03,Manchester City,3.4,0.8,Aston Villa
31,2024-04-04,Liverpool,1.8,0.6,Sheffield Utd
31,2024-04-04,Chelsea,3.0,1.5,Manchester Utd
32,2024-04-06,Crystal Palace,1.1,1.9,Manchester City
32,2024-04-06,Luton Town,1.5,0.4,Bournemouth
32,2024-04-06,Everton,0.9,0.5,Burnley
32,2024-04-06,Wolves,1.5,1.2,West Ham
32,2024-04-06,Aston Villa,1.5,1.5,Brentford
32,2024-04-06,Fulham,1.2,1.0,Newcastle Utd
32,2024-04-06,Brighton,0.5,3.4,Arsenal
32,2024-04-07,Manchester Utd,0.7,3.6,Liverpool
32,2024-04-07,Sheffield Utd,1.4,0.3,Chelsea
32,2024-04-07,Tottenham,1.5,1.5,Nott'ham Forest
33,2024-04-13,Newcastle Utd,2.8,0.8,Tottenham
33,2024-04-13,Manchester City,4.2,0.5,Luton Town
33,2024-04-13,Burnley,1.7,0.9,Brighton
33,2024-04-13,Nott'ham Forest,1.9,1.0,Wolves
33,2024-04-13,Brentford,1.0,0.8,Sheffield Utd
33,2024-04-13,Bournemouth,1.6,1.2,Manchester Utd
33,2024-04-14,Liverpool,2.7,2.0,Crystal Palace
33,2024-04-14,West Ham,0.9,3.2,Fulham
33,2024-04-14,Arsenal,1.6,0.9,Aston Villa
33,2024-04-15,Chelsea,3.1,1.5,Everton
34,2024-04-20,Sheffield Utd,2.4,2.2,Burnley
34,2024-04-20,Luton Town,0.6,3.1,Brentford
34,2024-04-20,Wolves,0.2,1.2,Arsenal
34,2024-04-21,Everton,0.3,0.9,Nott'ham Forest
34,2024-04-21,Crystal Palace,2.4,1.3,West Ham
34,2024-04-21,Aston Villa,2.4,1.8,Bournemouth
34,2024-04-21,Fulham,0.8,1.0,Liverpool
29,2024-04-23,Arsenal,3.3,1.6,Chelsea
29,2024-04-24,Wolves,0.5,1.9,Bournemouth
29,2024-04-24,Everton,1.2,2.1,Liverpool
29,2024-04-24,Manchester Utd,2.9,0.8,Sheffield Utd
29,2024-04-24,Crystal Palace,0.9,0.4,Newcastle Utd
29,2024-04-25,Brighton,0.6,1.4,Manchester City
35,2024-04-27,West Ham,0.7,1.7,Liverpool
35,2024-04-27,Wolves,1.2,0.6,Luton Town
35,2024-04-27,Manchester Utd,2.7,2.1,Burnley
35,2024-04-27,Fulham,1.1,1.0,Crystal Palace
35,2024-04-27,Newcastle Utd,3.1,1.5,Sheffield Utd
35,2024-04-27,Everton,0.8,0.9,Brentford
35,2024-04-27,Aston Villa,1.1,1.6,Chelsea
35,2024-04-28,Tottenham,2.3,1.0,Arsenal
35,2024-04-28,Bournemouth,1.9,0.9,Brighton
35,2024-04-28,Nott'ham Forest,1.9,0.9,Manchester City
26,2024-05-02,Chelsea,2.2,1.6,Tottenham
36,2024-05-03,Luton Town,0.8,1.4,Everton
36,2024-05-04,Arsenal,3.3,0.5,Bournemouth
36,2024-05-04,Brentford,0.6,1.3,Fulham
36,2024-05-04,Burnley,1.0,3.4,Newcastle Utd
36,2024-05-04,Sheffield Utd,2.2,1.4,Nott'ham Forest
36,2024-05-04,Manchester City,3.7,0.3,Wolves
36,2024-05-05,Brighton,2.5,0.1,Aston Villa
36,2024-05-05,Chelsea,4.1,0.9,West Ham
36,2024-05-05,Liverpool,3.3,1.2,Tottenham
36,2024-05-06,Crystal Palace,1.7,0.4,Manchester Utd
37,2024-05-11,Fulham,0.1,3.2,Manchester City
37,2024-05-11,Newcastle Utd,2.2,1.4,Brighton
37,2024-05-11,Tottenham,2.7,0.7,Burnley
37,2024-05-11,Wolves,1.6,2.6,Crystal Palace
37,2024-05-11,Bournemouth,0.7,1.1,Brentford
37,2024-05-11,Everton,2.3,0.6,Sheffield Utd
37,2024-05-11,West Ham,3.2,0.3,Luton Town
37,2024-05-11,Nott'ham Forest,1.5,1.6,Chelsea
37,2024-05-12,Manchester Utd,0.5,1.5,Arsenal
37,2024-05-13,Aston Villa,3.1,1.7,Liverpool
34,2024-05-14,Tottenham,1.7,2.4,Manchester City
34,2024-05-15,Brighton,1.3,1.5,Chelsea
34,2024-05-15,Manchester Utd,1.5,2.2,Newcastle Utd
38,2024-05-19,Liverpool,4.5,0.5,Wolves
38,2024-05-19,Luton Town,2.0,1.1,Fulham
38,2024-05-19,Chelsea,1.1,2.2,Bournemouth
38,2024-05-19,Burnley,1.2,1.7,Nott'ham Forest
38,2024-05-19,Crystal Palace,2.5,0.9,Aston Villa
38,2024-05-19,Brighton,1.7,1.3,Manchester Utd
38,2024-05-19,Brentford,1.1,3.4,Newcastle Utd
38,2024-05-19,Manchester City,1.9,0.4,West Ham
38,2024-05-19,Arsenal,2.9,0.6,Everton
38,2024-05-19,Sheffield Utd,1.0,3.1,Tottenham
1,2024-08-16,Manchester Utd,2.4,0.4,Fulham
1,2024-08-17,Ipswich Town,0.5,2.6,Liverpool
1,2024-08-17,Newcastle Utd,0.3,1.8,Southampton
1,2024-08-17,Everton,0.5,1.4,Brighton
1,2024-08-17,Nott'ham Forest,1.3,1.2,Bournemouth
1,2024-08-17,Arsenal,1.2,0.5,Wolves
1,2024-08-17,West Ham,2.3,2.0,Aston Villa
1,2024-08-18,Brentford,1.6,1.2,Crystal Palace
1,2024-08-18,Chelsea,1.0,0.8,Manchester City
1,2024-08-19,Leicester City,1.0,1.2,Tottenham
2,2024-08-24,Brighton,2.1,1.4,Manchester Utd
2,2024-08-24,Manchester City,3.3,0.3,Ipswich Town
2,2024-08-24,Southampton,0.1,2.2,Nott'ham Forest
2,2024-08-24,Tottenham,2.4,1.0,Everton
2,2024-08-24,Fulham,1.8,0.6,Leicester City
2,2024-08-24,Crystal Palace,1.3,1.4,West Ham
2,2024-08-24,Aston Villa,1.2,0.9,Arsenal
2,2024-08-25,Wolves,1.9,1.6,Chelsea
2,2024-08-25,Bournemouth,2.2,1.6,Newcastle Utd
2,2024-08-25,Liverpool,2.5,0.5,Brentford
3,2024-08-31,Arsenal,2.1,1.7,Brighton
3,2024-08-31,Ipswich Town,0.4,0.9,Fulham
3,2024-08-31,Nott'ham Forest,1.0,0.7,Wolves
3,2024-08-31,Brentford,2.8,1.5,Southampton
3,2024-08-31,Leicester City,0.4,1.4,Aston Villa
3,2024-08-31,Everton,1.8,2.4,Bournemouth
3,2024-08-31,West Ham,0.7,3.0,Manchester City
3,2024-09-01,Newcastle Utd,1.8,1.2,Tottenham
3,2024-09-01,Chelsea,2.4,0.5,Crystal Palace
3,2024-09-01,Manchester Utd,1.4,1.8,Liverpool
4,2024-09-14,Southampton,1.1,2.6,Manchester Utd
4,2024-09-14,Manchester City,2.1,1.0,Brentford
4,2024-09-14,Liverpool,0.9,0.4,Nott'ham Forest
4,2024-09-14,Crystal Palace,2.5,1.2,Leicester City
4,2024-09-14,Fulham,1.5,0.8,West Ham
4,2024-09-14,Brighton,1.6,0.3,Ipswich Town
4,2024-09-14,Aston Villa,2.1,0.9,Everton
4,2024-09-14,Bournemouth,1.7,0.8,Chelsea
4,2024-09-15,Tottenham,0.7,0.7,Arsenal
4,2024-09-15,Wolves,1.2,1.5,Newcastle Utd
5,2024-09-21,West Ham,0.9,2.2,Chelsea
5,2024-09-21,Tottenham,3.5,0.8,Brentford
5,2024-09-21,Aston Villa,1.7,0.5,Wolves
5,2024-09-21,Fulham,2.2,1.5,Newcastle Utd
5,2024-09-21,Southampton,2.4,1.6,Ipswich Town
5,2024-09-21,Leicester City,0.7,1.1,Everton
5,2024-09-21,Liverpool,2.0,1.1,Bournemouth
5,2024-09-21,Crystal Palace,1.0,1.6,Manchester Utd
5,2024-09-22,Brighton,1.0,1.4,Nott'ham Forest
5,2024-09-22,Manchester City,2.1,0.7,Arsenal
6,2024-09-28,Newcastle Utd,1.6,0.9,Manchester City
6,2024-09-28,Brentford,0.4,1.0,West Ham
6,2024-09-28,Everton,0.9,0.9,Crystal Palace
6,2024-09-28,Arsenal,4.4,0.3,Leicester City
6,2024-09-28,Chelsea,4.2,1.1,Brighton
6,2024-09-28,Nott'ham Forest,0.8,1.3,Fulham
6,2024-09-28,Wolves,0.6,2.5,Liverpool
6,2024-09-29,Ipswich Town,1.2,0.8,Aston Villa
6,2024-09-29,Manchester Utd,1.0,4.4,Tottenham
6,2024-09-30,Bournemouth,1.3,0.6,Southampton
7,2024-10-05,Crystal Palace,0.6,1.4,Liverpool
7,2024-10-05,Brentford,4.2,1.0,Wolves
7,2024-10-05,Leicester City,0.8,2.1,Bournemouth
7,2024-10-05,Manchester City,1.6,2.6,Fulham
7,2024-10-05,West Ham,3.6,0.6,Ipswich Town
7,2024-10-05,Arsenal,2.8,0.6,Southampton
7,2024-10-05,Everton,0.7,2.1,Newcastle Utd
7,2024-10-06,Aston Villa,0.5,0.6,Manchester Utd
7,2024-10-06,Chelsea,2.3,0.9,Nott'ham Forest
7,2024-10-06,Brighton,1.8,1.3,Tottenham
8,2024-10-19,Tottenham,1.9,0.8,West Ham
8,2024-10-19,Fulham,1.8,1.6,Aston Villa
8,2024-10-19,Ipswich Town,1.3,1.7,Everton
8,2024-10-19,Southampton,2.1,3.1,Leicester City
8,2024-10-19,Manchester Utd,1.3,0.9,Brentford
8,2024-10-19,Newcastle Utd,2.0,1.1,Brighton
8,2024-10-19,Bournemouth,1.8,0.7,Arsenal
8,2024-10-20,Wolves,0.8,1.6,Manchester City
8,2024-10-20,Liverpool,1.9,1.0,Chelsea
8,2024-10-21,Nott'ham Forest,1.7,1.0,Crystal Palace
9,2024-10-25,Leicester City,0.8,1.7,Nott'ham Forest
9,2024-10-26,Brighton,1.3,1.3,Wolves
9,2024-10-26,Manchester City,2.9,0.2,Southampton
9,2024-10-26,Brentford,4.0,1.3,Ipswich Town
9,2024-10-26,Aston Villa,1.8,0.3,Bournemouth
9,2024-10-26,Everton,0.8,1.2,Fulham
9,2024-10-27,West Ham,2.8,2.3,Manchester Utd
9,2024-10-27,Chelsea,1.6,1.8,Newcastle Utd
9,2024-10-27,Crystal Palace,0.8,0.7,Tottenham
9,2024-10-27,Arsenal,0.9,0.8,Liverpool
10,2024-11-02,Newcastle Utd,0.5,1.1,Arsenal
10,2024-11-02,Liverpool,1.6,1.0,Brighton
10,2024-11-02,Southampton,0.7,1.6,Everton
10,2024-11-02,Nott'ham Forest,2.2,0.1,West Ham
10,2024-11-02,Ipswich Town,1.0,1.5,Leicester City
10,2024-11-02,Bournemouth,2.0,1.6,Manchester City
10,2024-11-02,Wolves,1.5,2.4,Crystal Palace
10,2024-11-03,Tottenham,2.4,1.8,Aston Villa
10,2024-11-03,Manchester Utd,2.0,1.1,Chelsea
10,2024-11-04,Fulham,1.3,0.6,Brentford
11,2024-11-09,West Ham,0.8,1.1,Everton
11,2024-11-09,Crystal Palace,1.5,1.8,Fulham
11,2024-11-09,Wolves,1.3,0.6,Southampton
11,2024-11-09,Brentford,1.5,2.6,Bournemouth
11,2024-11-09,Brighton,2.3,2.1,Manchester City
11,2024-11-09,Liverpool,2.0,1.2,Aston Villa
11,2024-11-10,Tottenham,1.5,1.6,Ipswich Town
11,2024-11-10,Nott'ham Forest,0.6,1.6,Newcastle Utd
11,2024-11-10,Manchester Utd,0.8,0.6,Leicester City
11,2024-11-10,Chelsea,1.5,1.5,Arsenal
12,2024-11-23,Leicester City,1.1,2.7,Chelsea
12,2024-11-23,Aston Villa,3.0,1.3,Crystal Palace
12,2024-11-23,Fulham,1.0,1.3,Wolves
12,2024-11-23,Bournemouth,1.6,0.9,Brighton
12,2024-11-23,Arsenal,1.2,0.3,Nott'ham Forest
12,2024-11-23,Everton,1.2,1.1,Brentford
12,2024-11-23,Manchester City,2.1,2.5,Tottenham
12,2024-11-24,Southampton,1.3,3.1,Liverpool
12,2024-11-24,Ipswich Town,1.6,0.8,Manchester Utd
12,2024-11-25,Newcastle Utd,1.6,0.9,West Ham
13,2024-11-29,Brighton,1.7,1.0,Southampton
13,2024-11-30,Wolves,0.5,3.3,Bournemouth
13,2024-11-30,Nott'ham Forest,1.6,0.6,Ipswich Town
13,2024-11-30,Brentford,2.4,1.1,Leicester City
13,2024-11-30,Crystal Palace,1.7,0.0,Newcastle Utd
13,2024-11-30,West Ham,1.5,3.5,Arsenal
13,2024-12-01,Manchester Utd,1.1,0.6,Everton
13,2024-12-01,Tottenham,0.8,1.5,Fulham
13,2024-12-01,Chelsea,1.6,1.2,Aston Villa
13,2024-12-01,Liverpool,3.4,0.8,Manchester City
14,2024-12-03,Ipswich Town,0.5,1.6,Crystal Palace
14,2024-12-03,Leicester City,1.7,3.0,West Ham
14,2024-12-04,Newcastle Utd,2.1,1.9,Liverpool
14,2024-12-04,Everton,1.0,0.8,Wolves
14,2024-12-04,Manchester City,2.4,1.0,Nott'ham Forest
14,2024-12-04,Southampton,1.6,5.2,Chelsea
14,2024-12-04,Arsenal,2.1,0.2,Manchester Utd
14,2024-12-04,Aston Villa,2.4,0.9,Brentford
14,2024-12-05,Fulham,1.1,1.4,Brighton
14,2024-12-05,Bournemouth,3.5,0.9,Tottenham
15,2024-12-07,Aston Villa,2.3,0.3,Southampton
15,2024-12-07,Crystal Palace,1.3,1.4,Manchester City
15,2024-12-07,Brentford,1.2,1.5,Newcastle Utd
15,2024-12-07,Manchester Utd,1.6,0.8,Nott'ham Forest
15,2024-12-08,Leicester City,1.3,1.5,Brighton
15,2024-12-08,Ipswich Town,1.3,3.2,Bournemouth
15,2024-12-08,Fulham,0.2,1.8,Arsenal
15,2024-12-08,Tottenham,2.8,2.8,Chelsea
15,2024-12-09,West Ham,1.0,1.4,Wolves
16,2024-12-14,Liverpool,2.1,1.2,Fulham
16,2024-12-14,Wolves,1.3,1.1,Ipswich Town
16,2024-12-14,Newcastle Utd,3.8,0.2,Leicester City
16,2024-12-14,Arsenal,1.2,0.1,Everton
16,2024-12-14,Nott'ham Forest,1.7,0.4,Aston Villa
16,2024-12-15,Brighton,1.0,2.2,Crystal Palace
16,2024-12-15,Manchester City,0.9,2.1,Manchester Utd
16,2024-12-15,Southampton,0.8,2.3,Tottenham
16,2024-12-15,Chelsea,2.2,1.6,Brentford
16,2024-12-16,Bournemouth,1.9,2.1,West Ham
17,2024-12-21,Aston Villa,1.6,1.0,Manchester City
17,2024-12-21,Ipswich Town,0.7,2.3,Newcastle Utd
17,2024-12-21,Brentford,0.7,0.9,Nott'ham Forest
17,2024-12-21,West Ham,1.2,0.9,Brighton
17,2024-12-21,Crystal Palace,1.6,2.5,Arsenal
17,2024-12-22,Manchester Utd,2.2,1.6,Bournemouth
17,2024-12-22,Leicester City,0.8,1.1,Wolves
17,2024-12-22,Everton,1.0,1.2,Chelsea
17,2024-12-22,Fulham,0.9,0.3,Southampton
17,2024-12-22,Tottenham,1.3,5.6,Liverpool
18,2024-12-26,Manchester City,2.1,0.7,Everton
18,2024-12-26,Southampton,1.4,1.7,West Ham
18,2024-12-26,Newcastle Utd,2.7,0.3,Aston Villa
18,2024-12-26,Nott'ham Forest,1.1,0.9,Tottenham
18,2024-12-26,Bournemouth,1.4,0.4,Crystal Palace
18,2024-12-26,Chelsea,1.1,1.8,Fulham
18,2024-12-26,Wolves,0.9,0.4,Manchester Utd
18,2024-12-26,Liverpool,2.0,0.3,Leicester City
18,2024-12-27,Brighton,1.3,1.1,Brentford
18,2024-12-27,Arsenal,1.8,0.2,Ipswich Town
19,2024-12-29,Leicester City,1.3,1.3,Manchester City
19,2024-12-29,Everton,0.9,1.5,Nott'ham Forest
19,2024-12-29,Tottenham,2.2,0.7,Wolves
19,2024-12-29,Fulham,1.1,2.0,Bournemouth
19,2024-12-29,Crystal Palace,2.0,0.9,Southampton
19,2024-12-29,West Ham,0.4,3.1,Liverpool
19,2024-12-30,Aston Villa,1.8,1.1,Brighton
19,2024-12-30,Ipswich Town,1.6,2.0,Chelsea
19,2024-12-30,Manchester Utd,0.8,1.9,Newcastle Utd
19,2025-01-01,Brentford,0.3,1.9,Arsenal
20,2025-01-04,Tottenham,0.9,2.5,Newcastle Utd
20,2025-01-04,Aston Villa,1.4,0.4,Leicester City
20,2025-01-04,Bournemouth,1.8,0.7,Everton
20,2025-01-04,Crystal Palace,1.1,1.2,Chelsea
20,2025-01-04,Southampton,0.3,4.4,Brentford
20,2025-01-04,Manchester City,1.9,1.4,West Ham
20,2025-01-04,Brighton,1.5,0.9,Arsenal
20,2025-01-05,Fulham,2.2,1.5,Ipswich Town
20,2025-01-05,Liverpool,2.7,1.0,Manchester Utd
20,2025-01-06,Wolves,1.5,2.1,Nott'ham Forest
21,2025-01-14,West Ham,1.0,1.7,Fulham
21,2025-01-14,Chelsea,2.5,1.2,Bournemouth
21,2025-01-14,Brentford,2.5,2.2,Manchester City
21,2025-01-14,Nott'ham Forest,0.3,2.0,Liverpool
21,2025-01-15,Leicester City,1.7,1.8,Crystal Palace
21,2025-01-15,Everton,1.1,1.2,Aston Villa
21,2025-01-15,Newcastle Utd,2.1,1.6,Wolves
21,2025-01-15,Arsenal,1.4,0.8,Tottenham
21,2025-01-16,Ipswich Town,0.3,1.0,Brighton
21,2025-01-16,Manchester Utd,3.4,1.4,Southampton
22,2025-01-18,Newcastle Utd,0.8,2.0,Bournemouth
22,2025-01-18,Leicester City,0.6,2.0,Fulham
22,2025-01-18,West Ham,0.3,1.3,Crystal Palace
22,2025-01-18,Brentford,0.7,3.4,Liverpool
22,2025-01-18,Arsenal,1.3,1.0,Aston Villa
22,2025-01-19,Everton,1.8,1.1,Tottenham
22,2025-01-19,Manchester Utd,1.5,1.9,Brighton
22,2025-01-19,Nott'ham Forest,1.8,0.9,Southampton
22,2025-01-19,Ipswich Town,0.5,3.0,Manchester City
22,2025-01-20,Chelsea,3.1,0.8,Wolves
23,2025-01-25,Southampton,0.8,2.9,Newcastle Utd
23,2025-01-25,Brighton,0.7,0.8,Everton
23,2025-01-25,Liverpool,2.0,0.5,Ipswich Town
23,2025-01-25,Bournemouth,1.7,1.0,Nott'ham Forest
23,2025-01-25,Wolves,0.7,1.0,Arsenal
23,2025-01-25,Manchester City,2.2,1.8,Chelsea
23,2025-01-26,Crystal Palace,1.1,1.3,Brentford
23,2025-01-26,Tottenham,1.0,1.6,Leicester City
23,2025-01-26,Aston Villa,0.9,1.3,West Ham
23,2025-01-26,Fulham,0.7,0.3,Manchester Utd
24,2025-02-01,Nott'ham Forest,3.3,0.9,Brighton
24,2025-02-01,Everton,2.5,0.3,Leicester City
24,2025-02-01,Newcastle Utd,0.8,1.6,Fulham
24,2025-02-01,Bournemouth,1.6,2.5,Liverpool
24,2025-02-01,Ipswich Town,1.8,0.9,Southampton
24,2025-02-01,Wolves,1.6,0.4,Aston Villa
24,2025-02-02,Manchester Utd,1.1,2.6,Crystal Palace
24,2025-02-02,Brentford,2.1,0.8,Tottenham
24,2025-02-02,Arsenal,1.0,0.8,Manchester City
24,2025-02-03,Chelsea,1.6,1.2,West Ham
15,2025-02-12,Everton,1.0,0.6,Liverpool
25,2025-02-14,Brighton,1.4,0.5,Chelsea
25,2025-02-15,Leicester City,0.2,1.4,Arsenal
25,2025-02-15,Fulham,2.1,0.4,Nott'ham Forest
25,2025-02-15,Manchester City,1.9,0.5,Newcastle Utd
25,2025-02-15,Southampton,0.8,1.2,Bournemouth
25,2025-02-15,Aston Villa,2.4,0.4,Ipswich Town
25,2025-02-15,West Ham,0.8,1.6,Brentford
25,2025-02-15,Crystal Palace,1.6,0.9,Everton
25,2025-02-16,Liverpool,1.7,1.5,Wolves
25,2025-02-16,Tottenham,2.2,1.5,Manchester Utd
29,2025-02-19,Aston Villa,0.6,2.5,Liverpool
26,2025-02-21,Leicester City,0.5,1.5,Brentford
26,2025-02-22,Everton,1.6,0.4,Manchester Utd
26,2025-02-22,Fulham,0.2,1.3,Crystal Palace
26,2025-02-22,Bournemouth,0.9,2.0,Wolves
26,2025-02-22,Ipswich Town,1.1,1.7,Tottenham
26,2025-02-22,Arsenal,1.2,1.1,West Ham
26,2025-02-22,Southampton,0.1,3.9,Brighton
26,2025-02-22,Aston Villa,2.3,2.3,Chelsea
26,2025-02-23,Newcastle Utd,2.9,1.7,Nott'ham Forest
26,2025-02-23,Manchester City,0.6,0.7,Liverpool
27,2025-02-25,Brighton,2.4,1.5,Bournemouth
27,2025-02-25,Crystal Palace,4.3,0.4,Aston Villa
27,2025-02-25,Wolves,1.3,1.7,Fulham
27,2025-02-25,Chelsea,2.4,0.7,Southampton
27,2025-02-26,Tottenham,1.3,2.1,Manchester City
27,2025-02-26,Nott'ham Forest,0.4,1.0,Arsenal
27,2025-02-26,Manchester Utd,0.7,1.4,Ipswich Town
27,2025-02-26,Brentford,1.4,1.5,Everton
27,2025-02-26,Liverpool,1.7,0.2,Newcastle Utd
27,2025-02-27,West Ham,1.3,0.4,Leicester City
28,2025-03-08,Nott'ham Forest,0.7,0.9,Manchester City
28,2025-03-08,Liverpool,3.9,0.4,Southampton
28,2025-03-08,Brighton,1.5,0.9,Fulham
28,2025-03-08,Crystal Palace,3.2,1.5,Ipswich Town
28,2025-03-08,Brentford,0.8,1.3,Aston Villa
28,2025-03-08,Wolves,0.8,1.2,Everton
28,2025-03-09,Chelsea,1.7,0.1,Leicester City
28,2025-03-09,Tottenham,1.5,2.2,Bournemouth
28,2025-03-09,Manchester Utd,1.5,1.6,Arsenal
28,2025-03-10,West Ham,0.7,1.4,Newcastle Utd
29,2025-03-15,Everton,1.0,0.8,West Ham
29,2025-03-15,Southampton,1.3,0.4,Wolves
29,2025-03-15,Ipswich Town,0.4,1.5,Nott'ham Forest
29,2025-03-15,Manchester City,1.7,2.0,Brighton
29,2025-03-15,Bournemouth,1.6,0.8,Brentford
29,2025-03-16,Arsenal,0.7,0.4,Chelsea
29,2025-03-16,Fulham,1.0,0.9,Tottenham
29,2025-03-16,Leicester City,1.0,0.9,Manchester Utd
30,2025-04-01,Arsenal,2.2,1.0,Fulham
30,2025-04-01,Wolves,1.2,1.3,West Ham
30,2025-04-01,Nott'ham Forest,0.5,1.6,Manchester Utd
30,2025-04-02,Newcastle Utd,1.3,1.5,Brentford
30,2025-04-02,Manchester City,2.2,0.1,Leicester City
30,2025-04-02,Southampton,0.7,0.7,Crystal Palace
30,2025-04-02,Bournemouth,1.8,1.2,Ipswich Town
30,2025-04-02,Brighton,0.9,1.2,Aston Villa
30,2025-04-02,Liverpool,1.5,0.9,Everton
30,2025-04-03,Chelsea,1.0,0.9,Tottenham
31,2025-04-05,Everton,1.1,1.8,Arsenal
31,2025-04-05,Crystal Palace,0.6,1.0,Brighton
31,2025-04-05,Ipswich Town,0.8,2.6,Wolves
31,2025-04-05,West Ham,0.7,2.1,Bournemouth
31,2025-04-05,Aston Villa,3.0,1.5,Nott'ham Forest
31,2025-04-06,Fulham,0.7,1.5,Liverpool
31,2025-04-06,Brentford,1.1,1.2,Chelsea
31,2025-04-06,Tottenham,2.1,1.0,Southampton
31,2025-04-06,Manchester Utd,0.9,0.5,Manchester City
31,2025-04-07,Leicester City,0.5,3.2,Newcastle Utd
32,2025-04-12,Manchester City,3.7,1.8,Crystal Palace
32,2025-04-12,Brighton,3.8,1.5,Leicester City
32,2025-04-12,Southampton,0.3,3.0,Aston Villa
32,2025-04-12,Nott'ham Forest,0.5,1.4,Everton
32,2025-04-12,Arsenal,1.0,0.2,Brentford
32,2025-04-13,Liverpool,1.8,1.4,West Ham
32,2025-04-13,Chelsea,2.2,1.1,Ipswich Town
32,2025-04-13,Wolves,2.4,2.0,Tottenham
32,2025-04-13,Newcastle Utd,2.2,0.7,Manchester Utd
32,2025-04-14,Bournemouth,1.4,1.0,Fulham
29,2025-04-16,Newcastle Utd,1.5,2.0,Crystal Palace
33,2025-04-19,Everton,0.9,2.0,Manchester City
33,2025-04-19,West Ham,0.9,0.6,Southampton
33,2025-04-19,Crystal Palace,0.4,0.7,Bournemouth
33,2025-04-19,Brentford,2.1,1.4,Brighton
33,2025-04-19,Aston Villa,2.2,1.0,Newcastle Utd
33,2025-04-20,Fulham,0.3,0.9,Chelsea
33,2025-04-20,Ipswich Town,0.2,2.4,Arsenal
33,2025-04-20,Manchester Utd,1.3,0.2,Wolves
33,2025-04-20,Leicester City,0.3,2.5,Liverpool
33,2025-04-21,Tottenham,2.1,0.5,Nott'ham Forest
34,2025-04-22,Manchester City,1.3,1.8,Aston Villa
34,2025-04-23,Arsenal,1.2,1.7,Crystal Palace
34,2025-04-26,Chelsea,0.8,0.4,Everton
34,2025-04-26,Brighton,1.3,1.3,West Ham
34,2025-04-26,Wolves,2.0,1.1,Leicester City
34,2025-04-26,Southampton,0.6,2.4,Fulham
34,2025-04-26,Newcastle Utd,2.4,0.1,Ipswich Town
34,2025-04-27,Bournemouth,0.5,2.3,Manchester Utd
34,2025-04-27,Liverpool,2.2,0.5,Tottenham
34,2025-05-01,Nott'ham Forest,0.9,1.3,Brentford
35,2025-05-02,Manchester City,0.7,0.4,Wolves
35,2025-05-03,Aston Villa,1.0,0.9,Fulham
35,2025-05-03,Leicester City,1.4,0.5,Southampton
35,2025-05-03,Everton,0.6,0.8,Ipswich Town
35,2025-05-03,Arsenal,1.4,0.9,Bournemouth
35,2025-05-04,Brighton,0.7,1.7,Newcastle Utd
35,2025-05-04,West Ham,0.8,0.8,Tottenham
35,2025-05-04,Brentford,2.8,1.5,Manchester Utd
35,2025-05-04,Chelsea,3.1,1.0,Liverpool
35,2025-05-05,Crystal Palace,2.3,0.7,Nott'ham Forest
36,2025-05-10,Ipswich Town,0.9,1.4,Brentford
36,2025-05-10,Fulham,0.8,1.1,Everton
36,2025-05-10,Wolves,0.9,1.6,Brighton
36,2025-05-10,Southampton,0.1,1.7,Manchester City
36,2025-05-10,Bournemouth,0.8,1.0,Aston Villa
36,2025-05-11,Newcastle Utd,1.6,0.7,Chelsea
36,2025-05-11,Nott'ham Forest,1.3,1.1,Leicester City
36,2025-05-11,Tottenham,0.7,3.3,Crystal Palace
36,2025-05-11,Manchester Utd,2.1,1.7,West Ham
36,2025-05-11,Liverpool,2.4,2.6,Arsenal
37,2025-05-16,Aston Villa,1.4,0.5,Tottenham
37,2025-05-16,Chelsea,0.8,0.3,Manchester Utd
37,2025-05-18,Everton,2.7,1.2,Southampton
37,2025-05-18,West Ham,1.1,1.9,Nott'ham Forest
37,2025-05-18,Brentford,2.5,1.0,Fulham
37,2025-05-18,Leicester City,0.8,1.4,Ipswich Town
37,2025-05-18,Arsenal,0.6,1.5,Newcastle Utd
37,2025-05-19,Brighton,2.2,2.2,Liverpool
37,2025-05-20,Manchester City,1.5,1.1,Bournemouth
37,2025-05-20,Crystal Palace,1.7,1.4,Wolves
38,2025-05-25,Manchester Utd,2.9,0.4,Aston Villa
38,2025-05-25,Ipswich Town,0.7,1.1,West Ham
38,2025-05-25,Wolves,1.0,1.4,Brentford
38,2025-05-25,Southampton,0.6,2.3,Arsenal
38,2025-05-25,Liverpool,2.1,1.8,Crystal Palace
38,2025-05-25,Nott'ham Forest,1.2,1.1,Chelsea
38,2025-05-25,Fulham,1.3,3.0,Manchester City
38,2025-05-25,Newcastle Utd,1.2,1.2,Everton
38,2025-05-25,Bournemouth,1.6,0.3,Leicester City
38,2025-05-25,Tottenham,2.0,2.2,Brighton
1,2025-08-15,Liverpool,2.2,1.7,Bournemouth
1,2025-08-16,Aston Villa,0.2,1.4,Newcastle Utd
1,2025-08-16,Sunderland,0.7,0.6,West Ham
1,2025-08-16,Brighton,1.5,0.7,Fulham
1,2025-08-16,Tottenham,2.3,0.9,Burnley
1,2025-08-16,Wolves,0.6,2.4,Manchester City
1,2025-08-17,Chelsea,1.6,0.6,Crystal Palace
1,2025-08-17,Nott'ham Forest,1.8,1.4,Brentford
1,2025-08-17,Manchester Utd,1.5,1.3,Arsenal
1,2025-08-18,Leeds United,2.0,0.8,Everton
2,2025-08-22,West Ham,0.7,2.7,Chelsea
2,2025-08-23,Manchester City,1.6,1.1,Tottenham
2,2025-08-23,Bournemouth,1.3,0.5,Wolves
2,2025-08-23,Brentford,1.2,1.2,Aston Villa
2,2025-08-23,Burnley,1.0,0.8,Sunderland
2,2025-08-23,Arsenal,2.7,0.2,Leeds United
2,2025-08-24,Crystal Palace,1.1,0.9,Nott'ham Forest
2,2025-08-24,Everton,1.6,2.4,Brighton
2,2025-08-24,Fulham,1.7,1.6,Manchester Utd
2,2025-08-25,Newcastle Utd,1.0,0.7,Liverpool
3,2025-08-30,Chelsea,2.1,0.9,Fulham
3,2025-08-30,Wolves,1.1,1.9,Everton
3,2025-08-30,Manchester Utd,3.6,1.2,Burnley
3,2025-08-30,Sunderland,1.5,1.2,Brentford
3,2025-08-30,Tottenham,0.2,1.5,Bournemouth
3,2025-08-30,Leeds United,0.7,0.5,Newcastle Utd
3,2025-08-31,Nott'ham Forest,0.7,2.4,West Ham
3,2025-08-31,Brighton,2.2,1.8,Manchester City
3,2025-08-31,Liverpool,0.5,0.5,Arsenal
3,2025-08-31,Aston Villa,1.1,2.6,Crystal Palace
4,2025-09-13,Arsenal,1.8,0.2,Nott'ham Forest
4,2025-09-13,Newcastle Utd,1.5,0.5,Wolves
4,2025-09-13,Fulham,0.9,0.8,Leeds United
4,2025-09-13,Crystal Palace,1.8,0.4,Sunderland
4,2025-09-13,Everton,2.0,0.4,Aston Villa
4,2025-09-13,Bournemouth,1.4,0.6,Brighton
4,2025-09-13,West Ham,0.6,1.3,Tottenham
4,2025-09-13,Brentford,1.4,1.3,Chelsea
4,2025-09-14,Burnley,0.1,2.6,Liverpool
4,2025-09-14,Manchester City,2.7,1.2,Manchester Utd
5,2025-09-20,Liverpool,0.9,0.7,Everton
5,2025-09-20,Wolves,1.8,0.5,Leeds United
5,2025-09-20,Brighton,1.3,1.2,Tottenham
5,2025-09-20,Burnley,0.9,1.1,Nott'ham Forest
5,2025-09-20,West Ham,0.6,2.1,Crystal Palace
5,2025-09-20,Manchester Utd,1.8,0.4,Chelsea
5,2025-09-20,Fulham,1.0,0.6,Brentford
5,2025-09-21,Bournemouth,0.5,0.2,Newcastle Utd
5,2025-09-21,Sunderland,1.0,0.8,Aston Villa
5,2025-09-21,Arsenal,0.9,0.9,Manchester City
6,2025-09-27,Brentford,1.9,2.1,Manchester Utd
6,2025-09-27,Crystal Palace,2.9,2.1,Liverpool
6,2025-09-27,Manchester City,2.0,0.4,Burnley
6,2025-09-27,Chelsea,1.8,2.3,Brighton
6,2025-09-27,Leeds United,1.8,0.7,Bournemouth
6,2025-09-27,Nott'ham Forest,1.6,1.6,Sunderland
6,2025-09-27,Tottenham,0.8,1.1,Wolves
6,2025-09-28,Aston Villa,1.1,1.1,Fulham
6,2025-09-28,Newcastle Utd,0.6,2.0,Arsenal
6,2025-09-29,Everton,0.7,1.2,West Ham
7,2025-10-03,Bournemouth,1.2,0.9,Fulham
7,2025-10-04,Leeds United,1.7,0.6,Tottenham
7,2025-10-04,Arsenal,2.8,0.4,West Ham
7,2025-10-04,Manchester Utd,1.8,0.7,Sunderland
7,2025-10-04,Chelsea,1.0,1.9,Liverpool
7,2025-10-05,Wolves,0.6,0.9,Brighton
7,2025-10-05,Everton,2.0,1.5,Crystal Palace
7,2025-10-05,Aston Villa,1.1,0.4,Burnley
7,2025-10-05,Newcastle Utd,3.2,0.2,Nott'ham Forest
7,2025-10-05,Brentford,0.7,0.8,Manchester City
8,2025-10-18,Nott'ham Forest,2.2,1.7,Chelsea
8,2025-10-18,Sunderland,0.6,0.8,Wolves
8,2025-10-18,Burnley,0.5,2.4,Leeds United
8,2025-10-18,Brighton,0.9,1.4,Newcastle Utd
8,2025-10-18,Crystal Palace,4.4,2.0,Bournemouth
8,2025-10-18,Manchester City,2.3,1.1,Everton
8,2025-10-18,Fulham,0.4,1.8,Arsenal
8,2025-10-19,Tottenham,0.9,0.3,Aston Villa
8,2025-10-19,Liverpool,2.6,1.3,Manchester Utd
8,2025-10-20,West Ham,0.4,2.3,Brentford
9,2025-10-24,Leeds United,1.5,0.6,West Ham
9,2025-10-25,Newcastle Utd,2.1,1.3,Fulham
9,2025-10-25,Chelsea,0.9,1.2,Sunderland
9,2025-10-25,Manchester Utd,1.3,1.1,Brighton
9,2025-10-25,Brentford,2.7,2.2,Liverpool
9,2025-10-26,Arsenal,0.9,0.5,Crystal Palace
9,2025-10-26,Aston Villa,0.8,1.2,Manchester City
9,2025-10-26,Wolves,2.3,1.4,Burnley
9,2025-10-26,Bournemouth,0.6,0.4,Nott'ham Forest
9,2025-10-26,Everton,1.7,1.7,Tottenham
10,2025-11-01,Crystal Palace,0.7,0.5,Brentford
10,2025-11-01,Nott'ham Forest,1.9,1.2,Manchester Utd
10,2025-11-01,Fulham,1.3,0.2,Wolves
10,2025-11-01,Burnley,0.4,2.3,Arsenal
10,2025-11-01,Brighton,3.0,0.5,Leeds United
10,2025-11-01,Tottenham,0.1,3.7,Chelsea
10,2025-11-01,Liverpool,1.2,0.4,Aston Villa
10,2025-11-02,West Ham,1.7,0.5,Newcastle Utd
10,2025-11-02,Manchester City,2.2,0.6,Bournemouth
10,2025-11-03,Sunderland,1.2,0.9,Everton
11,2025-11-08,Tottenham,0.9,0.8,Manchester Utd
11,2025-11-08,West Ham,3.0,1.0,Burnley
11,2025-11-08,Everton,1.4,0.4,Fulham
11,2025-11-08,Sunderland,0.4,1.9,Arsenal
11,2025-11-08,Chelsea,3.3,0.2,Wolves
11,2025-11-09,Aston Villa,1.7,1.6,Bournemouth
11,2025-11-09,Nott'ham Forest,2.5,0.7,Leeds United
11,2025-11-09,Crystal Palace,0.7,0.4,Brighton
11,2025-11-09,Brentford,2.3,0.4,Newcastle Utd
11,2025-11-09,Manchester City,1.5,0.7,Liverpool
12,2025-11-22,Burnley,0.4,1.7,Chelsea
12,2025-11-22,Bournemouth,3.9,0.6,West Ham
12,2025-11-22,Fulham,2.1,0.2,Sunderland
12,2025-11-22,Wolves,1.8,1.3,Crystal Palace
12,2025-11-22,Liverpool,1.9,1.6,Nott'ham Forest
12,2025-11-22,Brighton,1.2,2.0,Brentford
12,2025-11-22,Newcastle Utd,2.3,2.5,Manchester City
12,2025-11-23,Leeds United,1.6,1.6,Aston Villa
12,2025-11-23,Arsenal,1.9,0.1,Tottenham
12,2025-11-24,Manchester Utd,1.7,0.2,Everton
